movieId,imdbId,tmdbId
1,tt0114709,862
2,tt0113497,8844
3,tt0113228,15602
4,tt0114885,31357
5,tt0113041,11862
6,tt0113277,949
7,tt0114319,11860
8,tt0112302,45325
9,tt0114576,9091
10,tt0113189,710
11,tt0112346,9087
12,tt0112896,12110
13,tt0112453,21032
14,tt0113987,10858
15,tt0112760,1408
16,tt0112641,524
17,tt0114388,4584
18,tt0113101,5
19,tt0112281,9273
20,tt0113845,11517
21,tt0113161,8012
22,tt0112722,1710
23,tt0112401,9691
24,tt0114168,12665
25,tt0113627,451
26,tt0114057,16420
27,tt0114011,9263
28,tt0114117,17015
29,tt0112682,902
30,tt0115012,37557
31,tt0112792,9909
32,tt0114746,63
33,tt0114952,78802
34,tt0112431,9598
35,tt0112637,47018
36,tt0112818,687
37,tt0112286,139405
38,tt0113442,33689
39,tt0112697,9603
40,tt0112749,34615
41,tt0114279,31174
42,tt0112819,11443
43,tt0114272,35196
44,tt0113855,9312
45,tt0114681,577
46,tt0113347,11861
47,tt0114369,807
48,tt0114148,10530
49,tt0114916,8391
50,tt0114814,629
51,tt0109950,117164
52,tt0113819,11448
53,tt0110299,49133
54,tt0112499,26441
55,tt0113158,97406
56,tt0113541,124057
57,tt0113321,9089
58,tt0110877,11010
59,tt0112714,99040
60,tt0113419,11359
61,tt0116260,17182
62,tt0113862,2054
63,tt0116126,10607
64,tt0118002,19760
65,tt0115683,9536
66,tt0116839,11525
67,tt0114753,40628
68,tt0113149,4482
69,tt0113118,10634
70,tt0116367,755
71,tt0113010,11859
72,tt0113537,28387
73,tt0113828,48750
74,tt0115644,20927
75,tt0115676,36929
76,tt0114367,9102
77,tt0113973,124626
78,tt0112744,27526
79,tt0116731,9623
80,tt0112445,46785
81,tt0114660,400
82,tt0112379,880
83,tt0114039,146599
84,tt0113612,188588
85,tt0112365,8447
86,tt0118158,10534
87,tt0116151,17414
88,tt0115697,13997
89,tt0113972,2086
90,tt0113490,61548
92,tt0117002,9095
93,tt0114825,12158
94,tt0115639,9283
95,tt0115759,9208
96,tt0113403,40154
97,tt0113247,406
98,tt0111173,45549
99,tt0113283,63076
100,tt0115907,11062
101,tt0115734,13685
102,tt0117102,47475
103,tt0118040,2045
104,tt0116483,9614
105,tt0112579,688
106,tt0110251,11907
107,tt0117110,10874
108,tt0112646,89333
109,tt0113276,96357
110,tt0112573,197
111,tt075314,103
112,tt0113326,33542
113,tt0115645,43566
114,tt0113774,71754
115,tt0112556,43612
116,tt0112373,51352
117,tt0115033,16934
118,tt0116606,10324
119,tt0114536,78406
120,tt0117427,55731
121,tt0106473,32119
122,tt0103859,11066
123,tt0109424,11104
124,tt0114808,37975
125,tt0116324,2074
126,tt0110647,27793
127,tt0111055,44284
128,tt0110217,290157
129,tt0114131,110972
130,tt0112364,32622
131,tt0113107,73067
132,tt0113451,11863
133,tt0114015,55475
134,tt0114500,124636
135,tt0116130,9101
136,tt0113125,123360
137,tt0113756,5757
138,tt0113952,39428
139,tt0114618,124639
140,tt0118055,9302
141,tt0115685,11000
142,tt094878,
143,tt0113200,249882
144,tt0112585,16388
145,tt0112442,9737
146,tt0112342,30765
147,tt0112461,10474
148,tt0112427,22279
149,tt0109093,30157
150,tt0112384,568
151,tt0114287,11780
152,tt0112288,34996
153,tt0112462,414
154,tt061395,649
155,tt0112495,1873
156,tt0112541,5894
157,tt0109370,1775
158,tt0112642,8839
159,tt0112688,20649
160,tt0112715,10329
161,tt0112740,8963
162,tt0109508,26564
163,tt0112851,8068
164,tt0112857,8512
165,tt0112864,1572
166,tt0112887,13552
167,tt0113044,259209
168,tt0113071,6520
169,tt0113114,9073
170,tt0113243,10428
171,tt0113464,17447
172,tt0113481,9886
173,tt0113492,9482
174,tt0113500,19326
175,tt0113540,9344
176,tt0113677,9071
177,tt0113690,8973
178,tt0107447,15730
179,tt0113729,47608
180,tt0113749,2293
181,tt0113820,9070
182,tt0113851,68274
183,tt0110604,48787
184,tt0110620,34574
185,tt0113957,1642
186,tt0113986,11472
187,tt0114095,36196
188,tt0114194,11980
189,tt0114241,58372
190,tt0114323,32646
191,tt0114345,10533
192,tt0114435,56088
193,tt0114436,10802
194,tt0114478,10149
195,tt0114496,18402
196,tt0114508,9348
197,tt0114534,139408
198,tt0114558,281
199,tt058450,5967
200,tt0114666,79593
201,tt0114663,47939
202,tt0114702,36834
203,tt0114682,9090
204,tt0114781,3512
205,tt0114798,52856
206,tt0114805,77350
207,tt0114887,9560
208,tt0114898,9804
209,tt0114928,31611
210,tt0114938,65796
211,tt0109340,49805
212,tt0112602,26258
213,tt0111579,50797
214,tt0110882,19155
215,tt0112471,76
216,tt0112508,11017
217,tt0112438,37141
218,tt0112571,9382
219,tt0112757,6715
220,tt0112643,18256
222,tt0112679,22625
223,tt0109445,2292
224,tt0112883,1909
225,tt0109635,8984
226,tt0112899,61813
227,tt0109676,4954
228,tt0112854,62488
229,tt0109579,10531
230,tt0109642,11929
231,tt0109686,8467
232,tt0111797,10451
233,tt0109759,20156
234,tt0109758,18395
235,tt0109707,522
236,tt0113117,397
237,tt0113097,10525
238,tt0113028,27985
239,tt0113198,15789
240,tt0113303,27303
241,tt0113089,21183
242,tt0109771,10954
243,tt0113199,47867
244,tt0113234,43475
245,tt0109906,72031
246,tt0110057,14275
247,tt0110005,1024
248,tt0110066,17207
249,tt0110116,13701
250,tt0110006,14819
251,tt0113360,32631
252,tt0110099,11777
253,tt0110148,628
254,tt0113463,87729
255,tt0110189,18713
256,tt0110216,6280
257,tt0113501,9061
258,tt0113538,37108
259,tt0113552,6071
260,tt076759,11
261,tt0110367,9587
262,tt0113670,19101
263,tt0110296,49980
264,tt0109731,17961
265,tt0103994,18183
266,tt0110322,4476
267,tt0110443,11008
268,tt0110365,47504
269,tt0107566,32325
270,tt0110391,43742
271,tt0113691,28313
272,tt0110428,11318
273,tt0109836,3036
274,tt0113755,40490
275,tt0110538,24070
276,tt0110516,8986
277,tt0110527,10510
278,tt0113808,17402
279,tt0113896,38722
280,tt0113870,8438
281,tt0110684,11593
282,tt0110638,1945
283,tt0113967,39310
284,tt0117169,109560
285,tt0106402,56428
286,tt0113948,63105
287,tt0110671,131957
288,tt0110632,241
289,tt0110737,9058
290,tt0110729,527
291,tt0114151,18220
292,tt0114069,6950
293,tt0110413,101
294,tt0114113,63020
295,tt0114210,2307
296,tt0110912,680
297,tt0114084,41478
298,tt0105652,25296
299,tt0110889,40156
300,tt0110932,11450
301,tt0114129,30304
302,tt0110963,10452
303,tt0114214,12106
304,tt0114296,161495
305,tt0110907,3586
306,tt0111495,110
307,tt0108394,108
308,tt0111507,109
309,tt0110769,159185
310,tt0114268,36357
311,tt0110965,92769
312,tt0114571,28033
313,tt0111333,22586
314,tt0111112,14334
315,tt0111255,2636
316,tt0111282,2164
317,tt0111070,11395
318,tt0111161,278
319,tt0111149,9905
320,tt0108260,87078
321,tt0106966,12527
322,tt0114594,20306
324,tt0111309,36614
325,tt0113936,27993
326,tt0110081,31439
327,tt0114614,9067
328,tt0114608,9059
329,tt0111280,193
330,tt0114609,25066
331,tt0111454,46797
332,tt0114852,12122
333,tt0114694,11381
334,tt0111590,32636
335,tt0114788,36141
336,tt0114888,95963
337,tt0108550,1587
338,tt0114857,9271
339,tt0114924,2064
340,tt0111667,19855
341,tt0109655,60855
342,tt0110598,236
343,tt0112435,48287
344,tt0109040,3049
345,tt0109045,2759
346,tt0106339,12635
347,tt0104779,10497
348,tt0109348,11382
349,tt0109444,9331
350,tt0109446,10731
351,tt0109484,10464
352,tt0109504,34152
353,tt0109506,9495
354,tt0109450,29973
355,tt0109813,888
356,tt0109830,13
357,tt0109831,712
358,tt0113305,16295
359,tt0110091,48992
360,tt0110093,10879
361,tt0110167,10660
362,tt0110213,10714
363,tt0107472,41647
364,tt0110357,8587
365,tt0107426,1689
366,tt0111686,11596
367,tt0110475,854
368,tt0110478,9359
369,tt0110588,23333
370,tt0110622,36593
371,tt0110771,12280
372,tt0110950,2788
373,tt0105226,10427
374,tt0110989,11011
375,tt0111054,49803
376,tt0110997,8987
377,tt0111257,1637
378,tt0111256,15128
379,tt0111438,8831
380,tt0111503,36955
381,tt0111693,10449
382,tt0111742,10395
383,tt0111756,12160
384,tt0112443,40480
385,tt0110455,52038
386,tt0111048,29444
387,tt0110399,26352
388,tt0112570,39953
389,tt0109454,41580
390,tt059170,315
391,tt0110186,22067
392,tt0108069,18242
393,tt0111301,11667
394,tt0112702,32502
395,tt0112849,267188
396,tt0113014,28732
397,tt0113043,75555
398,tt0113104,42981
399,tt0113173,278939
400,tt0113319,291731
401,tt0113827,226229
402,tt0114047,203119
403,tt0112889,172923
404,tt0109339,316098
405,tt0110027,8011
406,tt0109785,171857
407,tt0113409,2654
408,tt0109021,18069
409,tt0109035,19092
410,tt0106220,2758
411,tt0111804,38129
412,tt0106226,10436
413,tt0109068,13595
414,tt0109067,46094
415,tt0106292,9409
416,tt0109198,11853
417,tt0109219,16771
418,tt0106379,46924
419,tt0106400,11041
420,tt0109254,306
421,tt0109279,14522
422,tt0109297,26203
423,tt0109303,178
424,tt0109305,19819
425,tt0109306,57834
426,tt0106452,4722
427,tt0106471,18215
428,tt0106489,1607
429,tt0109361,26391
430,tt0106505,117553
431,tt0106519,6075
432,tt0109439,11310
433,tt0109443,18658
434,tt0106582,9350
435,tt0106598,9612
436,tt0109456,2124
437,tt0109480,26261
438,tt0109493,19176
439,tt0106660,49299
440,tt0106673,11566
441,tt0106677,9571
442,tt0106697,9739
443,tt0109729,24257
444,tt0106834,34444
445,tt0106873,26141
446,tt0106332,10997
447,tt0109783,50463
448,tt0106881,10443
449,tt0106880,20239
450,tt0111732,16297
451,tt0106926,18551
452,tt0111712,25440
453,tt0106941,9024
454,tt0106918,37233
455,tt0106965,1634
456,tt0109842,13815
457,tt0106977,5503
458,tt0107004,35588
459,tt0109890,2087
460,tt0109891,41579
461,tt0109913,18620
462,tt0109920,41006
463,tt0107057,4916
464,tt0107076,2019
465,tt0107096,31642
466,tt0107144,9255
467,tt0113674,26271
468,tt0112966,10612
469,tt0107151,2259
470,tt0110064,16097
471,tt0110074,11934
472,tt0110097,106143
473,tt0110123,12475
474,tt0107206,9386
475,tt0107207,7984
476,tt0110137,59930
477,tt0108551,15765
478,tt0110197,31643
479,tt0107286,6
480,tt0107290,329
481,tt0107302,10909
482,tt0110265,507
483,tt0107322,34024
484,tt0110305,29918
485,tt0107362,9593
486,tt0107413,42580
487,tt0110353,22317
488,tt0107468,1413
489,tt0107478,12121
490,tt0107497,2246
491,tt0107501,10502
492,tt0107507,10440
493,tt0107554,9516
494,tt0116253,2320
495,tt074102,5879
496,tt0111689,83718
497,tt0107616,11971
498,tt0107611,2625
499,tt0107613,31911
500,tt0107614,788
501,tt0107653,21450
502,tt0110657,11231
503,tt0110649,41588
504,tt0110678,10447
505,tt0110687,31586
506,tt0107756,9300
507,tt0107808,9559
508,tt0107818,9800
509,tt0107822,713
510,tt0107840,8291
511,tt0107889,18133
512,tt0111003,25557
513,tt0110939,22588
514,tt0110955,10872
515,tt0107943,1245
516,tt0110971,11858
517,tt0107969,7007
518,tt0111001,10467
519,tt0107978,5550
520,tt0107977,8005
521,tt0107983,2088
522,tt0105275,10412
523,tt0108000,47889
524,tt0108002,14534
525,tt0108026,56583
526,tt0105032,41878
527,tt0108052,424
528,tt0111094,35233
529,tt0108065,14291
530,tt0111102,103413
531,tt0108071,11236
532,tt0111127,11592
533,tt0111143,8850
534,tt0108101,10445
535,tt0108122,695
536,tt0111194,43535
537,tt0111201,12519
538,tt0108149,23210
539,tt0108160,858
540,tt0108162,867
541,tt083658,78
542,tt0108186,13203
543,tt0108174,10442
544,tt0108238,11074
545,tt089256,33367
546,tt0108255,9607
547,tt0111323,17585
548,tt0111400,9057
549,tt0108328,20967
550,tt0111418,10635
551,tt0107688,9479
552,tt0108333,10057
553,tt0108358,11969
554,tt0111488,41590
555,tt0108399,319
556,tt0108515,26408
558,tt0110763,15139
559,tt0107779,161158
560,tt0109226,218473
561,tt0110259,85247
562,tt0114906,11446
563,tt0107002,51980
564,tt0109403,24405
565,tt0104029,11655
566,tt0110623,11800
567,tt0107315,8223
568,tt0106408,14587
569,tt0110363,31504
570,tt0107349,41653
571,tt0111709,53185
572,tt0109828,95743
573,tt0107225,23637
574,tt0111252,17600
575,tt0110366,10897
576,tt0106878,349394
577,tt0109120,21352
579,tt0108059,68806
580,tt0110892,37345
581,tt0112651,32562
582,tt0107642,47507
583,tt0109382,25403
584,tt0106678,124304
585,tt0112572,9066
586,tt099785,771
587,tt099653,251
588,tt0103639,812
589,tt0103064,280
590,tt099348,581
591,tt0114706,80350
592,tt096895,268
593,tt0102926,274
594,tt029583,408
595,tt0101414,10020
596,tt032910,10895
597,tt0100405,114
598,tt0110719,41043
599,tt065214,576
600,tt0110395,15477
601,tt0111752,59146
602,tt0109934,124472
603,tt0112606,30528
604,tt0115978,
605,tt0117247,7300
606,tt0112625,10824
607,tt0106537,261246
608,tt0116282,275
609,tt0116552,25059
610,tt082509,11827
611,tt0116514,8766
612,tt0117283,23570
613,tt0116684,47333
614,tt0110374,54850
615,tt070506,51242
616,tt065421,10112
617,tt0113083,4307
618,tt0118001,46029
619,tt0116165,32308
620,tt0102855,88893
621,tt0107471,52873
623,tt0113839,123505
624,tt0112712,340210
625,tt090665,44281
626,tt0117891,28121
627,tt0113613,12520
628,tt0117381,1592
629,tt0114305,166901
630,tt0115837,36447
631,tt0115509,19042
632,tt0114671,38884
633,tt0112844,47449
634,tt0114658,36259
635,tt0116275,41852
636,tt0113122,40926
637,tt0117608,9099
638,tt0113448,2021
639,tt0116414,61752
640,tt0116095,10988
641,tt0111543,11479
642,tt0117517,398959
643,tt0117312,287305
644,tt0116485,339428
645,tt0113947,12652
647,tt0115956,10684
648,tt0117060,954
649,tt0109028,68445
650,tt0117071,18989
651,tt0117788,10801
652,tt0112257,54285
653,tt0116136,8840
654,tt0118026,278978
655,tt0117117,124625
656,tt0116168,11107
657,tt0111787,16417
658,tt0112509,70934
659,tt054189,10363
660,tt0115591,161070
661,tt0116683,10539
662,tt0116287,10543
663,tt0116768,18414
664,tt0116269,47502
665,tt0114787,11902
666,tt0113720,27098
667,tt0112536,25087
668,tt048473,5801
670,tt052572,896
671,tt0117128,3065
672,tt0114616,318177
673,tt0117705,2300
674,tt062711,8069
675,tt0110061,288173
676,tt0140614,187851
678,tt0108181,27768
679,tt0114307,221917
680,tt058898,8072
681,tt082206,35797
682,tt0111430,88030
683,tt0107727,185191
684,tt081759,83857
685,tt0113443,33245
687,tt0109491,124460
688,tt0114048,27281
690,tt0111613,105045
691,tt0117104,40001
692,tt0117688,29621
693,tt0109751,117730
694,tt0117774,20762
695,tt0114736,37144
696,tt0112604,48260
697,tt0116289,12656
698,tt0109593,38867
699,tt0103095,277270
700,tt0112368,25969
701,tt0104046,44103
702,tt062952,753
703,tt0115742,43634
704,tt0117420,9103
705,tt0115951,90214
706,tt0117784,29649
707,tt0117107,10990
708,tt0117979,8866
709,tt095776,12233
710,tt0115851,23449
711,tt0116322,36355
712,tt0109374,37667
713,tt0110712,90148
714,tt0112817,922
715,tt0113362,11876
716,tt073778,52633
717,tt0112546,62364
718,tt0108500,11687
719,tt0117108,9304
720,tt0118114,
721,tt0114103,
722,tt0113270,73183
723,tt092123,131232
724,tt0115963,9100
725,tt0116448,20759
726,tt0116827,46063
727,tt0114894,365371
728,tt0112701,32513
729,tt0113429,40651
730,tt0125877,
731,tt0116508,36915
732,tt0117260,40507
733,tt0117500,9802
734,tt0116405,25697
735,tt0109592,21588
736,tt0117998,664
737,tt0115624,11867
738,tt0113145,47119
739,tt0116559,
741,tt0113568,9323
742,tt0117894,10280
743,tt0117723,10535
744,tt0112586,124613
745,tt0112691,532
746,tt040366,26744
747,tt0117768,16299
748,tt0115571,10547
749,tt031612,245268
750,tt057012,935
751,tt0103926,55613
752,tt0105737,215107
753,tt0113849,41007
754,tt0113188,35645
755,tt042644,110465
756,tt0109381,255546
757,tt0109688,40751
758,tt0104606,275096
759,tt0110480,85778
760,tt0108211,11101
761,tt0117331,9826
762,tt0117765,9879
763,tt0116833,63564
764,tt0113280,22621
765,tt0116669,7095
766,tt0116594,26890
767,tt0113211,46732
768,tt0114494,124633
769,tt0116992,
770,tt038426,
771,tt094265,202425
772,tt0105201,196940
773,tt070820,77771
774,tt084898,181083
775,tt063715,41225
776,tt0109191,188589
777,tt0114122,87190
778,tt0117951,627
779,tt0118523,32872
780,tt0116629,602
781,tt0117737,14553
782,tt0116277,9566
783,tt0116583,10545
784,tt0115798,9894
785,tt0116778,11543
786,tt0116213,9268
787,tt0113147,52059
788,tt0117218,9327
789,tt0100990,123763
790,tt0111546,81949
791,tt0113610,
792,tt093199,42005
793,tt0106810,124306
794,tt0111180,183955
795,tt0111237,44535
796,tt072362,44495
797,tt0103207,78285
798,tt0116040,11228
799,tt0116365,10779
800,tt0116905,26748
801,tt0116493,38223
802,tt0117333,9294
803,tt0118113,49963
804,tt0117628,11363
805,tt0117913,1645
806,tt0115530,31546
807,tt0114266,77056
808,tt0115493,36344
809,tt0116320,18550
810,tt0116756,11511
812,tt0109356,172198
813,tt0116823,34170
814,tt0112568,281085
815,tt0114170,109478
816,tt0117999,124645
818,tt0118073,12606
819,tt0108220,69895
820,tt049521,35206
821,tt0112746,
822,tt0104403,151489
823,tt061495,4837
824,tt0110246,12632
825,tt0116164,9098
826,tt0112865,282919
827,tt0112716,124614
828,tt0115472,18975
829,tt0116707,11962
830,tt0116313,2925
831,tt0114550,28628
832,tt0117438,3595
833,tt0116531,9308
834,tt0117332,92381
835,tt0116353,18555
836,tt0115857,12123
837,tt0117008,10830
838,tt0116191,3573
839,tt0115986,10546
840,tt0116571,18862
841,tt053459,31417
842,tt0117826,9431
843,tt0113695,124619
844,tt0108227,297645
845,tt0111424,48144
846,tt0113080,46986
847,tt0115680,144982
848,tt0117718,47907
849,tt0116225,10061
850,tt0112767,36266
851,tt0115632,549
852,tt0117918,10478
853,tt0104109,66634
854,tt051980,116690
855,tt0100840,213917
856,tt0107575,145925
857,tt042054,100914
858,tt068646,238
859,tt0116536,
860,tt0109255,159
861,tt0104558,11134
862,tt0116985,88224
864,tt0114936,132641
865,tt0114474,42758
866,tt0115736,9303
867,tt0115836,23945
868,tt0101692,37820
869,tt0116745,22479
870,tt0119214,9054
871,tt0116934,241058
872,tt0109066,11985
873,tt075169,10232
874,tt0113542,59569
875,tt0110693,410921
876,tt0106544,38955
877,tt0116418,110513
878,tt0112607,114089
879,tt0120004,11015
880,tt0116654,9306
881,tt0116311,12559
882,tt0117965,58770
884,tt0114592,124851
885,tt0115725,3587
886,tt0115783,10723
887,tt0120271,56077
888,tt0113596,19004
889,tt0109001,101230
890,tt094822,253632
891,tt0113253,10987
892,tt0117991,44705
893,tt0117093,20318
894,tt024252,43596
895,tt0105729,79782
896,tt0111019,26933
897,tt035896,27854
898,tt032904,981
899,tt045152,872
900,tt043278,2769
901,tt050419,13320
902,tt054698,164
903,tt052357,426
904,tt047396,567
905,tt025316,3078
906,tt036855,13528
907,tt025164,28288
908,tt053125,213
909,tt053604,284
910,tt053291,239
911,tt056923,4808
912,tt034583,289
913,tt033870,963
914,tt058385,11113
915,tt047437,6620
916,tt046250,804
917,tt031580,26531
918,tt037059,909
919,tt032138,630
920,tt031381,770
921,tt084370,31044
922,tt043014,599
923,tt033467,15
924,tt062622,62
925,tt039428,121357
926,tt042192,705
927,tt032143,22490
928,tt032976,223
929,tt032484,25670
930,tt038787,303
931,tt038109,4174
932,tt050105,8356
933,tt048728,381
934,tt042451,20758
935,tt045537,29376
936,tt031725,1859
937,tt050658,18299
938,tt051658,17281
939,tt052126,64382
940,tt029843,10907
941,tt032762,32093
942,tt037008,1939
943,tt039420,22292
944,tt029162,3598
945,tt027125,3080
946,tt035446,198
947,tt028010,13562
948,tt049261,1712
949,tt048028,220
950,tt025878,3529
951,tt032599,3085
952,tt048960,2897
953,tt038650,1585
954,tt031679,3083
955,tt029947,900
956,tt034012,43795
957,tt017350,85638
958,tt036094,50001
959,tt025586,43905
960,tt038300,22688
961,tt027893,23114
962,tt032022,26378
963,tt041509,40206
964,tt039152,22356
965,tt026029,260
966,tt038235,43488
967,tt036241,22613
968,tt063350,10331
969,tt043265,488
970,tt046414,22733
971,tt051459,261
972,tt047162,57575
973,tt033891,32574
974,tt029855,22657
975,tt029588,76464
976,tt022879,22649
977,tt027980,176841
979,tt0114007,125587
980,tt093229,39448
981,tt0118927,52855
982,tt048491,39940
983,tt0113730,172868
984,tt0117357,85328
985,tt0117669,124632
986,tt0116329,11076
987,tt0118742,63945
988,tt0116442,58985
989,tt0114354,890
990,tt0117011,10861
991,tt0117039,1770
992,tt0117473,44465
993,tt0116635,2033
994,tt0115678,18203
996,tt0116830,9333
997,tt0115847,47260
998,tt0117603,9400
999,tt0115438,9401
1000,tt0115994,12241
1001,tt083587,25739
1002,tt0116167,161806
1003,tt0116259,11306
1004,tt0116421,9625
1005,tt0116000,10680
1006,tt0115862,6346
1007,tt072653,18660
1008,tt047977,35115
1009,tt072951,14821
1010,tt064603,14136
1011,tt071607,10869
1012,tt050798,22660
1013,tt055277,19186
1014,tt054195,31102
1015,tt0107131,6878
1016,tt053271,15944
1017,tt054357,18444
1018,tt059793,20723
1019,tt046672,173
1020,tt0106611,864
1021,tt0109127,24795
1022,tt042332,11224
1023,tt063819,81310
1024,tt038166,15947
1025,tt057546,9078
1026,tt041890,29682
1027,tt0102798,8367
1028,tt058331,433
1029,tt033563,11360
1030,tt076538,11114
1031,tt066817,12335
1032,tt043274,12092
1033,tt082406,10948
1034,tt0116361,11229
1035,tt059742,15121
1036,tt095016,562
1037,tt0104692,10163
1038,tt0118044,48862
1039,tt0114597,117036
1040,tt0117582,47199
1041,tt0117589,11159
1042,tt0117887,9591
1043,tt0117924,30500
1044,tt0117791,41843
1045,tt0116928,55058
1046,tt0115640,10938
1047,tt0116908,11412
1049,tt0116409,10586
1050,tt0116913,42314
1051,tt0117958,27845
1052,tt0117400,108365
1053,tt0117202,23223
1054,tt0116404,49471
1055,tt0120107,38153
1056,tt0116722,25147
1057,tt0116242,9716
1058,tt0115600,43777
1059,tt0117509,454
1060,tt0117802,10218
1061,tt0117665,819
1062,tt0117781,38191
1063,tt0116714,56830
1064,tt0115491,11238
1065,tt043140,27256
1066,tt029546,31530
1067,tt028757,66473
1068,tt039286,28120
1069,tt037101,1834
1070,tt044863,26282
1071,tt0109823,37218
1073,tt067992,252
1075,tt0111622,116356
1076,tt055018,16372
1077,tt070707,11561
1078,tt066808,11302
1079,tt095159,623
1080,tt079470,583
1081,tt084865,12614
1082,tt068334,21711
1083,tt059243,11575
1084,tt061418,475
1085,tt052027,11331
1086,tt046912,521
1087,tt0113731,21202
1088,tt092890,88
1089,tt0105236,500
1090,tt091763,792
1091,tt098627,8491
1092,tt0103772,402
1093,tt0101761,10537
1094,tt0104036,11386
1095,tt0104348,9504
1096,tt084707,15764
1097,tt083866,601
1098,tt0117577,67365
1099,tt029992,25842
1100,tt099371,2119
1101,tt092099,744
1102,tt0115531,136311
1103,tt048545,221
1104,tt044081,702
1105,tt0115885,25750
1106,tt0116859,17642
1107,tt0102336,
1109,tt0115870,
1110,tt0115684,146341
1111,tt0117040,9305
1112,tt0117284,37616
1113,tt0115580,11112
1114,tt0116378,21612
1115,tt0114472,141210
1116,tt0113057,102461
1117,tt0116581,36998
1118,tt0114622,200383
1119,tt0112907,116844
1120,tt0117318,1630
1121,tt0116422,26626
1122,tt0114147,
1123,tt0117320,124837
1124,tt082846,11816
1125,tt072081,11843
1126,tt0101775,10379
1127,tt096754,2756
1128,tt080749,790
1129,tt082340,1103
1130,tt082533,11298
1131,tt091288,4480
1132,tt091480,4481
1133,tt0111357,
1134,tt0107274,49688
1135,tt081375,10765
1136,tt071853,762
1137,tt0116587,44497
1138,tt0112777,85588
1139,tt0116245,278621
1140,tt0116212,99479
1141,tt0113328,
1142,tt0116403,
1143,tt0117968,55049
1144,tt0116886,124829
1145,tt0117677,79306
1146,tt0112759,356054
1147,tt0118147,10548
1148,tt0108598,531
1149,tt0110173,104931
1150,tt084589,4483
1151,tt0109781,18919
1152,tt040427,31556
1153,tt040723,26167
1154,tt039881,26174
1155,tt092281,
1156,tt034493,61461
1157,tt039004,117500
1158,tt026465,218713
1159,tt026656,217802
1160,tt025799,127973
1161,tt078875,659
1162,tt069198,30892
1163,tt0110521,86369
1164,tt060304,8074
1165,tt0115715,124676
1166,tt0113031,
1167,tt0116059,38554
1168,tt0115610,49763
1169,tt099028,41326
1170,tt0112483,36555
1171,tt0103850,10608
1172,tt095765,11216
1173,tt097108,7452
1174,tt0109942,64567
1175,tt0101700,892
1176,tt0101765,1600
1177,tt0101811,26561
1178,tt050825,975
1179,tt099703,18129
1180,tt0102014,54405
1181,tt0120121,150823
1183,tt0116209,409
1184,tt0102426,38251
1185,tt097937,10161
1186,tt098724,1412
1187,tt0105107,41768
1188,tt0105488,10409
1189,tt096257,14285
1190,tt0101026,2469
1191,tt0102370,10174
1192,tt0100332,31225
1193,tt073486,510
1194,tt078446,11455
1196,tt080684,1891
1197,tt093779,2493
1198,tt082971,85
1199,tt088846,68
1200,tt090605,679
1201,tt060196,429
1202,tt094336,13446
1203,tt050083,389
1204,tt056172,947
1206,tt066921,185
1207,tt056592,595
1208,tt078788,28
1209,tt064116,335
1210,tt086190,1892
1211,tt093191,144
1212,tt041959,1092
1213,tt099685,769
1214,tt078748,348
1215,tt0106308,766
1216,tt095250,175
1217,tt089881,11645
1218,tt097202,10835
1219,tt054215,539
1220,tt080455,525
1221,tt071562,240
1222,tt093058,600
1223,tt0104361,530
1224,tt097499,10705
1225,tt086879,279
1226,tt045061,3109
1227,tt087843,311
1228,tt081398,1578
1230,tt075686,703
1231,tt086197,9549
1232,tt079944,1398
1233,tt082096,387
1234,tt070735,9277
1235,tt067185,343
1236,tt0103130,37291
1237,tt050976,490
1238,tt085859,11235
1240,tt088247,218
1241,tt0103873,763
1242,tt097441,9665
1243,tt0100519,18971
1244,tt079522,696
1245,tt0100150,379
1246,tt097165,207
1247,tt061722,37247
1248,tt052311,1480
1249,tt0100263,9322
1250,tt050212,826
1251,tt056801,422
1252,tt071315,829
1253,tt043456,828
1254,tt040897,3090
1255,tt092610,9964
1256,tt023969,3063
1257,tt088794,13667
1258,tt081505,694
1259,tt092005,235
1260,tt022100,832
1261,tt092991,765
1262,tt057115,5925
1263,tt077416,11778
1264,tt082269,4485
1265,tt0107048,137
1266,tt0105695,33
1267,tt056218,982
1268,tt0100436,8428
1269,tt036613,212
1270,tt088763,105
1271,tt0101921,1633
1272,tt066206,11202
1273,tt090967,1554
1274,tt094625,149
1275,tt091203,8009
1276,tt061512,903
1277,tt099334,11673
1278,tt072431,3034
1279,tt0102536,339
1280,tt0101640,10404
1281,tt032553,914
1282,tt032455,756
1283,tt044706,288
1284,tt038355,910
1285,tt097493,2640
1286,tt081534,16633
1287,tt052618,665
1288,tt088258,11031
1289,tt085809,11314
1290,tt094006,15143
1291,tt097576,89
1292,tt078841,10322
1293,tt083987,783
1295,tt096332,10644
1296,tt091867,11257
1297,tt089886,14370
1298,tt084503,12104
1299,tt087553,625
1300,tt089606,8816
1301,tt049223,830
1302,tt097351,2323
1303,tt073341,983
1304,tt064115,642
1305,tt087884,655
1306,tt0101458,10341
1307,tt098635,639
1308,tt0113369,266022
1309,tt0114089,168450
1310,tt0116589,30180
1311,tt0117550,31388
1312,tt0116293,41801
1313,tt0116953,66034
1314,tt0115754,348138
1315,tt0114093,96288
1316,tt0115548,
1317,tt0116601,61536
1318,tt0112537,18762
1319,tt0107314,331367
1320,tt0103644,8077
1321,tt082010,814
1322,tt0103678,41671
1323,tt085159,27214
1324,tt0115535,52263
1325,tt0106262,33519
1326,tt083550,16235
1327,tt078767,11449
1328,tt099030,41848
1329,tt071233,25944
1330,tt090655,24913
1331,tt075704,49126
1332,tt092632,32076
1333,tt056869,571
1334,tt051418,8851
1335,tt082083,37843
1336,tt0101492,32146
1337,tt037549,30346
1339,tt0103874,6114
1340,tt026138,229
1341,tt074258,13549
1342,tt0103919,9529
1343,tt0101540,1598
1344,tt055824,11349
1345,tt074285,7340
1346,tt083722,6217
1347,tt087800,377
1348,tt013442,653
1349,tt091651,28198
1350,tt075005,794
1351,tt0115710,31640
1352,tt0115495,8744
1353,tt0117057,25189
1354,tt0115751,145
1355,tt0119791,2212
1356,tt0117731,199
1357,tt0117631,7863
1358,tt0117666,12498
1359,tt0116705,9279
1360,tt084116,53234
1361,tt0117293,17204
1363,tt0117372,21539
1364,tt0113557,85589
1365,tt0117477,12709
1366,tt0115988,20539
1367,tt0115433,11674
1368,tt042354,199512
1369,tt0110171,64900
1370,tt099423,1573
1371,tt079945,152
1372,tt0102975,174
1373,tt098382,172
1374,tt084726,154
1375,tt088170,157
1376,tt092007,168
1377,tt0103776,364
1378,tt096487,11967
1379,tt0100994,9086
1380,tt077631,621
1381,tt084021,9037
1382,tt0100114,10173
1383,tt0115471,55687
1384,tt0117773,168535
1385,tt0105690,8845
1386,tt052287,46681
1387,tt073195,578
1388,tt077766,579
1389,tt085750,17692
1390,tt0117119,17795
1391,tt0116996,75
1392,tt0115906,13891
1393,tt0116695,9390
1394,tt093822,378
1395,tt094155,10896
1396,tt0105435,2322
1397,tt0115633,41240
1398,tt0116621,26949
1399,tt0116999,9819
1400,tt0117691,49799
1401,tt0116410,31908
1404,tt0119783,46027
1405,tt0115641,3179
1406,tt0112769,1802
1407,tt0117571,4232
1408,tt0104691,9361
1409,tt0117038,2928
1410,tt0116240,30285
1411,tt0116477,10549
1412,tt0117690,58102
1413,tt0118163,18451
1414,tt0117091,27265
1415,tt0118100,49935
1416,tt0116250,8818
1417,tt0117364,36758
1419,tt067959,36040
1420,tt0117028,74239
1421,tt0113212,
1422,tt0119731,9415
1423,tt0116506,55146
1424,tt0116640,303693
1425,tt0119115,12145
1426,tt0120550,42424
1427,tt0120390,34314
1428,tt0112362,2892
1429,tt0116704,9404
1430,tt0120414,85242
1431,tt0118708,9622
1432,tt0119664,8860
1433,tt0110425,197537
1434,tt0123281,
1436,tt080714,66597
1437,tt0106535,14832
1438,tt0118928,9619
1439,tt0119644,40506
1440,tt0106266,31000
1441,tt0106387,4104
1442,tt0119937,26306
1443,tt0117907,203829
1444,tt0109949,43775
1445,tt0119640,14908
1446,tt0116790,784
1447,tt0119225,12489
1448,tt0116310,168283
1449,tt0118111,16448
1450,tt0116754,55936
1453,tt0118691,17894
1454,tt0120238,28059
1455,tt0116565,58911
1456,tt0119887,17949
1457,tt0119141,1968
1458,tt0120357,61563
1459,tt0118548,66
1460,tt0120317,20735
1461,tt0120434,11419
1462,tt0118042,333165
1463,tt0120318,25796
1464,tt0116922,638
1465,tt0120036,25624
1466,tt0119008,9366
1467,tt0117544,60083
1468,tt0118750,21915
1470,tt0120014,90928
1471,tt0118762,50091
1472,tt0118859,18420
1473,tt0118702,19952
1474,tt0119432,9446
1475,tt0116743,28005
1476,tt0119951,9403
1477,tt0119572,27322
1479,tt0120053,10003
1480,tt0120152,9311
1482,tt0118064,11844
1483,tt0115964,884
1484,tt0116041,49806
1485,tt0119528,1624
1486,tt0117422,88423
1487,tt0120094,16052
1488,tt0118972,4477
1489,tt0118829,24662
1490,tt0118663,18423
1493,tt0116931,76996
1495,tt0120389,6499
1496,tt0118623,50512
1497,tt0119013,9405
1498,tt0119381,12723
1499,tt0118615,9360
1500,tt0119229,9434
1501,tt0116762,118991
1502,tt0116783,21626
1503,tt0118541,13982
1504,tt0113314,93946
1507,tt0119859,77223
1508,tt0120366,31465
1509,tt0118586,12793
1510,tt0118783,102878
1511,tt0117050,105763
1513,tt0120032,9611
1514,tt0116295,47694
1515,tt0120461,10357
1516,tt0115886,9977
1517,tt0118655,816
1518,tt0118771,2163
1519,tt0115760,124680
1520,tt0115927,16399
1522,tt0117482,124843
1523,tt0120383,31017
1524,tt0105660,24645
1525,tt0120479,49478
1526,tt0119109,12499
1527,tt0119116,18
1528,tt0116643,68545
1529,tt0119809,1811
1531,tt0116920,109614
1532,tt0120190,60082
1533,tt0117398,105045
1534,tt058985,53023
1535,tt0119578,64802
1537,tt0117615,11239
1538,tt0120087,50850
1539,tt0120394,15321
1541,tt0118556,2058
1542,tt0115744,9450
1543,tt0118964,125021
1544,tt0119567,330
1545,tt0117359,38523
1546,tt0117561,16375
1547,tt0120118,33660
1548,tt0118117,59232
1549,tt0114303,45671
1550,tt0120373,17770
1551,tt0118787,15170
1552,tt0118880,1701
1553,tt0116834,201445
1554,tt0114134,26422
1555,tt0112951,124642
1556,tt0120179,1639
1557,tt0117724,49235
1558,tt0117775,106129
1559,tt0113968,291634
1561,tt0118127,107743
1562,tt0118688,415
1563,tt0119019,47686
1564,tt0120034,65889
1565,tt0116502,11103
1566,tt0119282,11970
1567,tt0119502,34941
1568,tt0116949,407992
1569,tt0119738,8874
1570,tt0105569,17991
1571,tt0115856,11956
1572,tt057345,266
1573,tt0119094,754
1574,tt0119098,37567
1575,tt0116384,43771
1577,tt0117076,124834
1578,tt0113425,249358
1579,tt0116334,111367
1580,tt0119654,607
1581,tt0119848,18080
1582,tt0120512,38225
1583,tt0120133,17834
1584,tt0118884,686
1585,tt0116930,65046
1586,tt0119173,4421
1587,tt082198,9387
1588,tt0119190,10603
1589,tt0118887,2142
1590,tt0119081,8413
1591,tt0120177,10336
1592,tt0118570,20737
1593,tt0119896,9413
1594,tt0119361,14585
1595,tt0119152,18519
1596,tt0118818,49462
1597,tt0118883,8834
1598,tt0118966,9458
1599,tt0120207,8854
1600,tt0120112,38295
1601,tt0119311,22073
1602,tt0119509,37244
1603,tt0119675,4961
1604,tt0119695,9416
1605,tt0119086,26180
1606,tt0119484,17832
1608,tt0118571,9772
1609,tt0118531,6072
1610,tt099810,1669
1611,tt0102494,468
1612,tt0119465,32519
1613,tt0120197,108401
1614,tt0119360,10806
1615,tt0119051,9433
1616,tt0119874,6623
1617,tt0119488,2118
1619,tt0120102,978
1620,tt0119468,9437
1621,tt0120169,29461
1622,tt0119457,56651
1623,tt0120524,10351
1624,tt0120323,66588
1625,tt0119174,2649
1626,tt0119123,14289
1627,tt0120399,10155
1628,tt0119557,75250
1629,tt0119632,20457
1630,tt0123953,
1631,tt0118647,18355
1632,tt0120151,33657
1633,tt0120402,55306
1635,tt0119349,68924
1636,tt0120192,36434
1639,tt0118842,2255
1640,tt0119326,28353
1641,tt0119164,9427
1642,tt0116631,172545
1643,tt0119280,17589
1644,tt0119345,3597
1645,tt0118971,1813
1646,tt0120029,36797
1647,tt0119906,12628
1648,tt0119324,33344
1649,tt0119107,25099
1650,tt0120481,45019
1651,tt0120303,63437
1652,tt0120539,62422
1653,tt0119177,782
1654,tt0119095,29911
1655,tt0119891,9827
1656,tt0120257,1959
1657,tt0120529,251481
1658,tt0119535,8067
1659,tt0119338,125052
1660,tt0119080,45153
1661,tt0119210,10871
1662,tt0118900,14398
1663,tt083131,10890
1664,tt0117221,99002
1665,tt0118689,1281
1666,tt0119327,32332
1667,tt0119592,9770
1668,tt0119832,12616
1669,tt0120275,34838
1670,tt0120490,14905
1671,tt0119527,14583
1672,tt0119978,11975
1673,tt0118749,4995
1674,tt090329,9281
1675,tt0119365,45928
1676,tt0120201,563
1677,tt0118901,61337
1678,tt0107282,19931
1679,tt0118836,31535
1680,tt0120148,10215
1681,tt0119707,9823
1682,tt0120382,37165
1683,tt0120520,45609
1684,tt0119723,38904
1685,tt0116592,45565
1686,tt0119994,9407
1687,tt0119395,4824
1688,tt0118617,9444
1689,tt0120483,9414
1690,tt0118583,8078
1692,tt0112318,29938
1693,tt0118607,11831
1694,tt0118632,2895
1695,tt0123385,39177
1696,tt0118698,19601
1697,tt0109266,124606
1698,tt0118764,42832
1699,tt0118804,22797
1701,tt0118954,2639
1702,tt0119137,9574
1703,tt0119142,10371
1704,tt0119217,489
1705,tt0116465,167738
1706,tt0116490,293820
1707,tt0119303,9714
1708,tt0119352,102406
1709,tt0130073,
1710,tt0116976,170430
1711,tt0119668,8197
1713,tt0119715,6283
1714,tt0117167,279698
1715,tt0119819,49728
1716,tt0119845,64562
1717,tt0120082,4233
1718,tt0120222,191874
1719,tt0120255,10217
1720,tt0128755,
1721,tt0120338,597
1722,tt0120347,714
1723,tt0117994,52537
1724,tt0118230,12799
1725,tt0119052,62394
1726,tt0119925,9922
1727,tt0119314,547
1728,tt0120521,25994
1729,tt0119396,184
1730,tt0119485,9746
1731,tt0119718,9438
1732,tt0118715,115
1733,tt0118566,26941
1734,tt0119590,27103
1735,tt0119223,9410
1738,tt0120881,
1739,tt0118539,32302
1740,tt0119655,216794
1742,tt0119988,88863
1743,tt0129758,154821
1744,tt0120670,41417
1746,tt0120820,12538
1747,tt0120885,586
1748,tt0118929,2666
1749,tt0116845,46338
1750,tt0120478,54007
1752,tt0120696,11258
1753,tt0120693,9490
1754,tt0119099,9411
1755,tt0120122,25719
1756,tt0118643,9033
1757,tt0112913,11220
1759,tt0119815,21253
1760,tt0120185,6116
1762,tt0118956,9457
1764,tt0128690,281289
1765,tt0119521,43911
1767,tt0119734,39424
1768,tt0119711,44361
1769,tt0120008,11702
1770,tt0120594,2923
1771,tt0119784,12238
1772,tt0118747,11568
1773,tt0114690,41577
1774,tt0133090,
1776,tt0120707,66894
1777,tt0120888,11003
1779,tt0120184,10153
1780,tt0118662,49645
1781,tt0116379,47112
1782,tt0119548,102732
1783,tt0120782,30949
1784,tt0119822,2898
1785,tt099939,9558
1787,tt0145302,83593
1788,tt0119656,320011
1789,tt0114322,
1791,tt0119594,26269
1792,tt0120873,11808
1793,tt0120491,6970
1794,tt0119574,47452
1795,tt0112619,18205
1796,tt0140282,36943
1797,tt0120661,21736
1798,tt0118744,17941
1799,tt0120241,10668
1801,tt0120744,9313
1804,tt0120769,42807
1805,tt0120890,617
1806,tt0125454,36568
1807,tt0120642,37272
1809,tt0119250,5910
1810,tt0119942,9440
1811,tt0119780,53092
1812,tt0120510,32911
1814,tt0120793,44308
1815,tt0119049,124821
1816,tt0124179,32456
1817,tt0119560,93350
1819,tt0120219,62695
1820,tt0120108,32144
1821,tt0120772,17127
1822,tt0120645,40688
1824,tt0119305,17133
1825,tt0119905,19848
1826,tt0120598,17644
1827,tt0124295,1774
1829,tt0118851,30265
1830,tt0119139,
1831,tt0120738,2157
1832,tt0119272,70581
1833,tt0120749,8838
1834,tt0120176,29193
1835,tt0120632,795
1836,tt0120728,16980
1837,tt0120773,27472
1839,tt0120765,47881
1840,tt0124718,9469
1841,tt0119196,12488
1842,tt0118229,98499
1843,tt0120213,81367
1844,tt0118819,267
1845,tt0120906,16148
1846,tt0119792,21252
1848,tt0118755,9449
1849,tt0119947,6264
1850,tt0130019,90414
1851,tt0119508,188870
1852,tt0118727,215373
1853,tt0118577,78149
1854,tt0120723,15513
1855,tt0120725,31220
1856,tt0138563,13907
1857,tt0119987,29825
1858,tt0117786,10622
1859,tt0120265,30020
1860,tt0119448,17139
1861,tt0118785,34582
1862,tt0120841,10216
1863,tt0120742,9771
1864,tt0120838,24560
1865,tt0141986,76330
1866,tt0120609,9448
1867,tt0120856,38618
1869,tt0120610,18316
1870,tt0118925,78373
1871,tt0119952,77514
1872,tt0113184,49474
1873,tt0119683,4415
1874,tt0120211,39467
1875,tt0118866,55561
1876,tt0120647,8656
1877,tt0145048,209345
1878,tt0120531,58680
1879,tt0125128,35161
1880,tt0119506,35796
1881,tt0120800,18937
1882,tt0120685,929
1883,tt0118798,9452
1884,tt0120669,1878
1885,tt0120777,9844
1886,tt0131436,40505
1887,tt0119053,14342
1888,tt0119313,9715
1889,tt0119375,26610
1890,tt0119547,20064
1891,tt0120401,40961
1892,tt0120787,1965
1893,tt0116692,312
1894,tt0120828,6068
1895,tt0127723,15037
1896,tt0118894,50043
1897,tt0139362,37636
1898,tt0119494,17044
1899,tt0125980,60951
1900,tt0118849,21334
1901,tt0150290,416437
1902,tt0116141,32284
1903,tt0126938,51955
1904,tt0122529,37410
1905,tt0143614,47481
1906,tt0119717,53765
1907,tt0120762,10674
1908,tt0140508,136134
1909,tt0120902,846
1910,tt0126344,12655
1911,tt0118998,3050
1912,tt0120780,1389
1913,tt073540,11020
1914,tt0120321,20862
1915,tt0120443,108548
1916,tt0118789,9464
1917,tt0120591,95
1918,tt0122151,944
1919,tt0123987,35680
1920,tt0122718,11551
1921,tt0138704,473
1922,tt0140688,102304
1923,tt0129387,544
1924,tt052077,10513
1925,tt018578,28966
1926,tt019729,65203
1927,tt020629,143
1928,tt021746,42861
1929,tt022958,33680
1930,tt023876,56164
1931,tt026752,12311
1932,tt027698,43277
1933,tt029146,43278
1934,tt030993,34106
1935,tt033729,43266
1936,tt035093,27367
1937,tt036872,17661
1938,tt037884,28580
1939,tt036868,887
1940,tt039416,33667
1941,tt040416,23383
1942,tt041113,25430
1943,tt044672,27191
1944,tt045793,11426
1945,tt047296,654
1946,tt048356,15919
1947,tt055614,1725
1948,tt057590,5769
1949,tt060665,874
1950,tt061811,10633
1951,tt063385,17917
1952,tt064665,3116
1953,tt067116,1051
1954,tt075148,1366
1955,tt079417,12102
1956,tt081283,16619
1957,tt082158,9443
1958,tt086425,11050
1959,tt089755,606
1960,tt093389,746
1961,tt095953,380
1962,tt097239,403
1963,tt065063,11485
1964,tt067309,466
1965,tt087995,13820
1966,tt0100142,15389
1967,tt091369,13597
1968,tt088847,2108
1969,tt089686,10014
1970,tt093629,10072
1971,tt095742,10131
1972,tt097981,10160
1973,tt0101917,11284
1974,tt080761,4488
1975,tt082418,9725
1976,tt083972,9728
1977,tt087298,9730
1978,tt089173,9731
1979,tt091080,10225
1980,tt095179,10281
1981,tt097388,10283
1982,tt077651,948
1983,tt082495,11281
1984,tt085636,10676
1985,tt095271,11357
1986,tt097474,11361
1987,tt081383,36599
1988,tt093176,39929
1989,tt098136,41828
1990,tt0105179,41769
1991,tt094862,10585
1992,tt099253,11186
1993,tt0103956,11187
1994,tt084516,609
1995,tt091778,11133
1996,tt095889,10306
1997,tt070047,9552
1998,tt076009,11586
1999,tt099528,11587
2000,tt093409,941
2001,tt097733,942
2002,tt0104714,943
2003,tt087363,927
2004,tt099700,928
2005,tt089218,9340
2006,tt0120746,9342
2007,tt0119910,38509
2008,tt0117898,60033
2009,tt070723,12101
2010,tt017136,19
2011,tt096874,165
2012,tt099088,196
2013,tt069113,551
2014,tt076054,16084
2015,tt054594,17984
2016,tt078790,22328
2017,tt054649,32611
2018,tt034492,3170
2019,tt047478,346
2020,tt094947,859
2021,tt087182,841
2022,tt095497,11051
2023,tt099674,242
2024,tt0102757,1411
2025,tt0119558,9769
2026,tt0134619,9424
2027,tt0120741,9835
2028,tt0120815,857
2029,tt0137386,17539
2030,tt0119007,44322
2031,tt066728,22777
2032,tt066811,20173
2033,tt088814,10957
2034,tt078869,9570
2035,tt062737,16249
2036,tt0109287,13962
2037,tt075807,14612
2038,tt077305,19378
2039,tt097053,65157
2040,tt065566,29228
2041,tt082199,19379
2042,tt0109520,11164
2043,tt052722,18887
2044,tt082263,40866
2045,tt0106868,24736
2046,tt091059,10122
2047,tt061715,24816
2048,tt091149,9994
2049,tt061749,25445
2050,tt080861,12129
2051,tt076137,14140
2052,tt0107120,10439
2053,tt0104437,11158
2054,tt097523,9354
2055,tt077698,28736
2056,tt056095,34774
2057,tt057180,37969
2058,tt0120768,9631
2059,tt0120783,9820
2060,tt0131857,14013
2061,tt0119165,36606
2062,tt0120687,96196
2063,tt0124115,98505
2064,tt098213,1779
2065,tt089853,10849
2066,tt039689,678
2067,tt059113,907
2068,tt083922,5961
2069,tt090203,47908
2070,tt086423,42121
2071,tt0106273,2887
2072,tt096734,11974
2073,tt089126,20348
2074,tt071910,26648
2075,tt082736,11911
2076,tt090756,793
2077,tt089385,35144
2078,tt061852,9325
2079,tt053994,43037
2080,tt048280,10340
2081,tt097757,10144
2082,tt0104868,10414
2083,tt0104940,10437
2084,tt0104990,15300
2085,tt055254,12230
2086,tt089731,13380
2087,tt046183,10693
2088,tt081353,11335
2089,tt0100477,11135
2090,tt076618,11319
2091,tt078158,14822
2092,tt0107952,15969
2093,tt089908,13155
2094,tt0102803,10249
2095,tt075200,15943
2096,tt053285,10882
2097,tt086336,24808
2098,tt057518,19762
2099,tt038969,13850
2100,tt088161,2619
2101,tt0111271,65158
2102,tt019422,53565
2103,tt0111359,41841
2104,tt084783,27332
2105,tt084827,97
2106,tt0108265,10419
2107,tt0120694,11675
2108,tt0102250,2107
2109,tt079367,6471
2110,tt083798,9442
2111,tt085894,11591
2112,tt0101969,13697
2113,tt099697,19158
2114,tt086066,227
2115,tt087469,87
2116,tt077869,123
2117,tt087803,9314
2118,tt085407,11336
2119,tt091499,9980
2120,tt0107665,10657
2121,tt085382,10489
2122,tt087050,10823
2123,tt096787,11497
2124,tt0101272,2907
2125,tt0120631,9454
2126,tt0120832,8688
2127,tt0128214,118452
2128,tt0120813,16155
2129,tt0120056,48894
2130,tt080388,23954
2131,tt077711,12761
2132,tt061184,396
2133,tt092513,14367
2134,tt090305,11814
2135,tt061584,16081
2136,tt057372,18331
2137,tt070016,15171
2138,tt078480,11837
2139,tt084649,11704
2140,tt083791,11639
2141,tt090633,4978
2142,tt0101329,10380
2143,tt089469,11976
2144,tt088128,15144
2145,tt091790,11522
2146,tt090060,11557
2147,tt090848,13853
2148,tt091223,11415
2149,tt093220,37530
2150,tt080801,8393
2151,tt097443,11937
2152,tt0140796,21661
2153,tt0118661,9320
2154,tt0120703,33644
2155,tt0120831,14662
2156,tt0133413,125124
2157,tt0129923,115872
2158,tt0116516,39930
2159,tt099763,10692
2160,tt063522,805
2161,tt088323,34584
2162,tt0100240,34636
2163,tt080391,2182
2164,tt094077,28070
2165,tt0119517,77469
2166,tt0124595,10278
2167,tt0120611,36647
2168,tt0120576,17915
2169,tt0118301,14557
2170,tt0120901,9417
2171,tt0119778,41469
2172,tt0120692,19381
2173,tt095709,34637
2174,tt094721,4011
2175,tt0119033,161795
2176,tt040746,1580
2177,tt074512,5854
2178,tt068611,573
2179,tt065112,2370
2180,tt061107,5780
2181,tt058329,506
2182,tt051207,22527
2183,tt049470,574
2184,tt048750,11219
2185,tt045897,30159
2186,tt044079,845
2187,tt042994,1978
2188,tt0120577,3682
2189,tt0119346,51942
2190,tt0123324,46702
2191,tt0119453,54795
2192,tt0139564,46748
2193,tt096446,847
2194,tt094226,117
2195,tt0120654,14577
2196,tt0120724,37498
2197,tt0119125,38621
2198,tt0139468,59138
2199,tt0119892,28047
2200,tt042004,4175
2201,tt039694,31667
2202,tt037017,13321
2203,tt036342,21734
2204,tt035279,31997
2205,tt033922,24197
2206,tt034248,11462
2207,tt031505,31995
2208,tt030341,940
2209,tt029811,2762
2210,tt028212,12684
2211,tt028231,2761
2212,tt025452,8208
2213,tt024747,52907
2214,tt023285,15007
2215,tt023395,36049
2216,tt022395,52748
2217,tt020852,75793
2218,tt021015,47695
2219,tt021165,31930
2220,tt020142,20213
2221,tt019702,543
2222,tt018756,36054
2223,tt018876,143750
2224,tt017825,52782
2225,tt017843,36055
2226,tt018328,36056
2227,tt017075,2760
2229,tt016230,64398
2230,tt0133361,
2231,tt0128442,10220
2232,tt0123755,431
2233,tt0118980,31641
2234,tt0165857,223318
2235,tt0120775,69848
2236,tt0124879,22796
2237,tt0119934,22256
2238,tt075040,37550
2239,tt073817,37916
2240,tt081207,21873
2241,tt085346,21500
2242,tt087359,84116
2243,tt092699,12626
2244,tt092537,37818
2245,tt096463,3525
2246,tt096166,129628
2247,tt095593,2321
2248,tt098258,2028
2249,tt0100212,16384
2250,tt0100134,91217
2251,tt0101530,77314
2252,tt0104412,10699
2253,tt0105629,11597
2254,tt082172,218624
2255,tt084938,47947
2256,tt084472,48311
2257,tt087810,44772
2258,tt087690,
2259,tt086973,14347
2260,tt092225,41090
2261,tt091680,18282
2262,tt090583,18169
2263,tt096073,11082
2264,tt098625,5971
2265,tt0102558,11933
2266,tt0101523,20096
2267,tt0102469,30815
2268,tt0104257,881
2269,tt0107211,4478
2270,tt0109390,
2271,tt0120788,22318
2272,tt0120776,53113
2273,tt0120812,2109
2274,tt0113658,122289
2275,tt0118736,24746
2276,tt0120835,72987
2277,tt0120162,193103
2278,tt0122690,8195
2279,tt0146336,9877
2280,tt0118863,26618
2281,tt0119802,21132
2282,tt0126604,11855
2283,tt0100594,24016
2284,tt0109206,14785
2285,tt063850,14794
2286,tt080731,3486
2287,tt047573,11071
2288,tt084787,1091
2289,tt0105151,10403
2290,tt081554,11337
2291,tt099487,162
2292,tt0117276,25723
2293,tt0144604,73351
2294,tt0120587,8916
2295,tt0120823,28134
2296,tt0120770,9429
2297,tt0120889,12159
2298,tt0124102,27791
2299,tt052607,43106
2300,tt063462,30197
2301,tt082517,10156
2302,tt0104952,10377
2303,tt073440,3121
2304,tt0119577,4975
2305,tt0139615,37532
2306,tt0120701,9713
2307,tt0122642,134368
2308,tt069966,85837
2309,tt0141824,1039
2310,tt0119670,9821
2311,tt086837,4437
2312,tt090830,1890
2313,tt080678,1955
2314,tt0120603,39437
2315,tt0144120,11932
2316,tt0120791,6435
2317,tt0119534,108316
2318,tt0147612,10683
2319,tt0119986,63709
2320,tt0118636,9445
2321,tt0120789,2657
2322,tt0120157,9425
2323,tt0150230,32326
2324,tt0118799,637
2325,tt0124819,8675
2326,tt0143874,125762
2327,tt0100740,20701
2328,tt0120877,9945
2329,tt0120586,73
2330,tt0116481,18603
2331,tt0120722,46889
2332,tt0158493,12888
2333,tt0120684,3033
2334,tt0133952,9882
2335,tt0120484,10663
2336,tt0127536,4518
2337,tt0120879,1808
2338,tt0130018,3600
2339,tt0155753,17037
2340,tt0119643,297
2341,tt0120643,5332
2342,tt0116488,21589
2343,tt0120767,8336
2344,tt089941,11893
2345,tt090934,123056
2346,tt073747,12223
2347,tt087932,32081
2348,tt091954,14924
2349,tt091538,10002
2350,tt099750,41817
2351,tt050783,19426
2352,tt085244,12560
2353,tt0120660,9798
2354,tt0134067,14444
2355,tt0120623,9487
2356,tt0120533,9466
2357,tt0140888,666
2358,tt0120070,2042
2359,tt0166396,10162
2360,tt0154420,309
2361,tt069089,692
2362,tt045826,24018
2363,tt047034,1678
2364,tt087344,39256
2365,tt056142,1680
2366,tt024216,244
2367,tt074751,10730
2368,tt091344,31947
2369,tt089017,8130
2370,tt089087,11532
2371,tt089155,9749
2372,tt097366,14628
2373,tt089893,9626
2374,tt091159,13698
2375,tt091541,10466
2376,tt090264,707
2377,tt089489,11954
2378,tt087928,9336
2379,tt089822,10157
2380,tt091777,12118
2381,tt093756,10587
2382,tt095882,11825
2383,tt098105,11895
2384,tt0120595,9447
2385,tt0119304,12257
2386,tt0165494,37536
2387,tt0124198,10029
2388,tt0119248,27104
2389,tt0155975,11252
2390,tt0147004,8545
2391,tt0120324,10223
2392,tt0141109,9745
2393,tt0120844,200
2394,tt0120794,9837
2395,tt0128445,11545
2396,tt0138097,1934
2397,tt087688,110643
2398,tt039628,11881
2399,tt089961,13764
2400,tt098115,24951
2401,tt089767,8879
2402,tt089880,1369
2403,tt083944,1368
2404,tt095956,1370
2405,tt089370,10303
2406,tt088011,9326
2407,tt088933,10328
2408,tt094890,11285
2409,tt079817,1367
2410,tt084602,1371
2411,tt089927,1374
2412,tt0100507,1375
2413,tt088930,15196
2414,tt090357,11904
2415,tt092173,215875
2416,tt090685,15596
2417,tt091188,13818
2418,tt091653,29968
2419,tt091024,44326
2420,tt087538,1885
2421,tt091326,8856
2422,tt097647,10495
2423,tt097958,5825
2424,tt0128853,9489
2425,tt0120706,16885
2426,tt0120861,76857
2427,tt0120863,8741
2428,tt0133751,9276
2429,tt0120751,9822
2430,tt041650,39314
2431,tt0129290,10312
2432,tt0120686,9441
2433,tt0120633,9422
2434,tt0142231,125582
2435,tt0119336,24525
2436,tt0120857,10368
2437,tt0120514,11365
2438,tt0144546,140897
2439,tt0118564,31662
2440,tt0127722,36136
2441,tt0120699,1363
2442,tt0150915,46992
2443,tt0145734,825
2444,tt0120391,22913
2445,tt0132512,15556
2446,tt0120710,28902
2447,tt0139699,14709
2448,tt0120458,9423
2449,tt093072,14443
2450,tt091225,10658
2451,tt093075,6917
2452,tt099636,40729
2453,tt090768,24086
2454,tt051622,11815
2455,tt091064,9426
2456,tt097368,10344
2457,tt091875,15698
2458,tt090660,2620
2459,tt072271,30497
2460,tt092076,16337
2461,tt099994,25018
2462,tt0110978,16780
2463,tt091877,12151
2464,tt092112,25438
2465,tt090917,33278
2466,tt090710,274253
2467,tt091605,192
2468,tt091306,10945
2469,tt091738,10013
2470,tt090555,9671
2471,tt092493,9396
2472,tt092105,11038
2473,tt091991,12278
2474,tt090863,11873
2475,tt090567,18588
2476,tt091187,10015
2477,tt091055,12715
2478,tt092086,8388
2479,tt0120683,45712
2480,tt0119773,6187
2481,tt0151691,8129
2482,tt0149151,1618
2483,tt0112922,10722
2484,tt0120095,296543
2485,tt0160862,10314
2486,tt0138279,125548
2487,tt0163984,47139
2488,tt054167,11167
2489,tt0152548,170187
2490,tt0120784,2112
2491,tt0145893,16172
2492,tt0138987,111794
2493,tt0128133,9524
2494,tt0174852,20595
2495,tt070544,16306
2496,tt0124298,11622
2497,tt0139462,10207
2498,tt0120764,9849
2499,tt0119207,82865
2500,tt0155776,18892
2501,tt0132477,13466
2502,tt0151804,1542
2503,tt0156901,43978
2504,tt0137338,15256
2505,tt0134273,8224
2506,tt0123209,18417
2507,tt0120618,12479
2508,tt0181322,15031
2509,tt0119054,15209
2510,tt0134948,26425
2511,tt070334,1847
2512,tt084390,42113
2513,tt098084,8913
2514,tt0105128,10906
2515,tt0106557,25748
2516,tt0109415,25749
2517,tt085333,8769
2518,tt084412,14742
2519,tt051744,15856
2520,tt065377,10671
2521,tt071110,27932
2522,tt075648,7227
2523,tt076636,10670
2524,tt072308,5919
2525,tt080354,33518
2526,tt079550,40160
2527,tt070909,2362
2528,tt074812,10803
2529,tt063442,871
2530,tt065462,1685
2531,tt069768,1705
2532,tt068408,1688
2533,tt067065,1687
2534,tt077189,166680
2535,tt071455,11123
2536,tt078740,29723
2537,tt078856,31638
2538,tt0175550,113286
2539,tt0122933,9535
2540,tt0142192,9455
2541,tt0139134,796
2542,tt0120735,100
2543,tt0127288,47501
2544,tt0157208,77936
2545,tt0159696,84586
2546,tt0120646,30943
2547,tt0125778,107946
2548,tt0144814,7341
2549,tt0131646,10350
2550,tt057129,11772
2551,tt094964,9540
2552,tt0107626,31503
2553,tt054443,11773
2554,tt056931,30202
2555,tt0118665,22345
2556,tt0120859,53685
2557,tt0157016,1567
2558,tt0141098,1641
2559,tt0160429,47288
2560,tt0129332,10212
2561,tt0139668,10354
2562,tt0118682,11526
2563,tt0118892,8583
2564,tt0116192,123728
2565,tt049408,16520
2566,tt0187819,16508
2567,tt0131369,11374
2568,tt0120757,16379
2569,tt0122906,125123
2570,tt0120613,28029
2571,tt0133093,603
2572,tt0147800,4951
2573,tt0120274,65749
2574,tt0129280,8970
2575,tt0120449,9840
2576,tt0116932,186705
2577,tt0119665,30950
2578,tt0127302,70687
2579,tt0154506,11660
2580,tt0139239,9430
2581,tt0151738,11355
2582,tt0105399,18764
2583,tt0126250,9465
2584,tt0166195,27455
2585,tt0133363,1414
2586,tt0119219,49981
2587,tt0123964,6522
2588,tt0341315,
2589,tt0143261,114719
2590,tt0136244,10209
2591,tt0123923,25512
2592,tt0139394,143299
2593,tt0110570,22826
2594,tt0125659,1902
2595,tt0188996,
2596,tt0133189,6396
2597,tt0120836,39964
2598,tt0120797,12596
2599,tt0126886,9451
2600,tt0120907,1946
2601,tt0119546,89522
2602,tt076164,42230
2603,tt0128370,139445
2604,tt0168950,74140
2605,tt0137494,1844
2606,tt0138510,6552
2607,tt0162973,24584
2608,tt0120697,213985
2609,tt0115669,25471
2610,tt0138874,4154
2611,tt0155388,28519
2612,tt037913,3309
2613,tt087799,18462
2614,tt090837,28941
2615,tt089652,18252
2616,tt099422,8592
2617,tt0120616,564
2618,tt0118826,13852
2619,tt0188052,140519
2620,tt0120865,25232
2621,tt0115005,33194
2622,tt0140379,10210
2623,tt0160298,53862
2624,tt0165078,17962
2625,tt0115693,9460
2626,tt0138414,4927
2627,tt0120659,122190
2628,tt0120915,1893
2629,tt0166252,31342
2630,tt0149723,44297
2631,tt0120680,95627
2632,tt059643,8785
2633,tt023245,15849
2634,tt053085,18990
2635,tt037098,29242
2636,tt037099,29243
2637,tt032818,31498
2638,tt035096,29239
2639,tt082766,15660
2640,tt078346,1924
2641,tt081573,8536
2642,tt086393,9531
2643,tt094074,11411
2644,tt021814,138
2646,tt037793,30793
2647,tt036931,3103
2648,tt021884,3035
2649,tt031951,3077
2650,tt034786,3074
2651,tt035899,3076
2652,tt050280,3079
2653,tt036376,32023
2654,tt034398,13666
2655,tt089308,29794
2656,tt048696,9077
2657,tt073629,36685
2658,tt042469,43391
2659,tt084156,30168
2660,tt044121,10785
2661,tt045920,19483
2662,tt046534,8974
2663,tt048215,29959
2664,tt049366,11549
2665,tt049169,18158
2666,tt049370,27625
2667,tt049516,41516
2668,tt084745,17918
2669,tt053183,37305
2670,tt052151,18784
2671,tt0125439,509
2672,tt0139809,1090
2673,tt0156794,24858
2674,tt0126859,15059
2675,tt0138590,55912
2676,tt0128278,12117
2677,tt0186508,11779
2678,tt0126261,41730
2679,tt0124555,84198
2680,tt0139216,100568
2681,tt0141105,13533
2682,tt0164085,62676
2683,tt0145660,817
2684,tt0143924,265966
2685,tt0156820,91598
2686,tt0120802,14283
2687,tt0120855,37135
2688,tt0144214,2275
2689,tt0184510,68426
2690,tt0122541,24137
2691,tt0120731,10376
2692,tt0130827,104
2693,tt0120370,15800
2694,tt0142342,9032
2695,tt0139898,13821
2696,tt0119038,9421
2697,tt0119743,55955
2698,tt0120554,67067
2699,tt099052,6488
2700,tt0158983,9473
2701,tt0120891,8487
2702,tt0162677,10279
2703,tt0149964,125263
2704,tt0101318,2767
2705,tt0167925,78568
2706,tt0163651,2105
2707,tt0137363,1073
2708,tt0137439,10239
2709,tt0158811,10208
2710,tt0185937,2667
2711,tt0120899,48958
2712,tt0120663,345
2713,tt0139414,9825
2714,tt0161100,16158
2715,tt0120878,133575
2716,tt087332,620
2717,tt097428,2978
2718,tt0157503,10490
2719,tt0171363,11618
2720,tt0141369,332
2721,tt0162710,1812
2722,tt0149261,8914
2723,tt0132347,9824
2724,tt0163187,4806
2725,tt0162830,33430
2726,tt049406,247
2727,tt048254,10056
2728,tt054331,967
2729,tt056193,802
2730,tt072684,3175
2731,tt053198,147
2732,tt055032,1628
2733,tt096378,21185
2734,tt091557,11120
2735,tt091129,10136
2736,tt090774,32060
2737,tt092585,48686
2738,tt090886,48259
2739,tt088939,873
2740,tt091343,48660
2741,tt091637,26789
2742,tt092068,3934
2743,tt091613,108312
2744,tt091699,198469
2745,tt091530,11416
2746,tt091419,10776
2747,tt054033,24452
2748,tt092534,9710
2749,tt091554,31924
2750,tt093818,30890
2751,tt093051,24081
2752,tt093690,20242
2753,tt092627,39074
2754,tt092850,66194
2755,tt093415,2115
2756,tt094293,23599
2757,tt083967,3526
2758,tt089816,41166
2759,tt0144168,16406
2760,tt0129111,197239
2761,tt0129167,10386
2762,tt0167404,745
2763,tt0155267,913
2764,tt063688,912
2765,tt0122515,12229
2766,tt0168449,67323
2767,tt0120709,91076
2768,tt0120210,89861
2769,tt0138946,19457
2770,tt0131325,11353
2771,tt0120620,17707
2772,tt0165710,9781
2773,tt0176422,102489
2774,tt0168987,18212
2775,tt0138487,13817
2776,tt0119614,126996
2777,tt015693,38715
2778,tt0113965,48781
2779,tt077663,12185
2780,tt057449,29056
2781,tt053363,26857
2782,tt055304,28501
2783,tt059821,29030
2784,tt058333,25319
2785,tt056552,29074
2786,tt091178,24103
2787,tt088889,10552
2788,tt066765,9267
2789,tt077394,10766
2790,tt082377,10768
2791,tt080339,813
2792,tt083530,2665
2793,tt0118604,9406
2794,tt089670,11418
2795,tt085995,11153
2796,tt095188,14170
2797,tt094737,2280
2798,tt0100419,11077
2799,tt0102719,28597
2800,tt0104740,22611
2801,tt0119843,39780
2802,tt096244,10396
2803,tt0107798,9944
2804,tt085334,850
2805,tt0130121,10154
2806,tt0133046,10342
2807,tt0176269,10366
2808,tt0105698,9349
2809,tt0188863,15122
2810,tt0156887,10494
2811,tt0119692,126152
2812,tt0160401,22314
2813,tt0181833,51679
2814,tt052602,35813
2815,tt091278,11037
2816,tt095382,11955
2817,tt0103617,2038
2818,tt0113438,28737
2819,tt073802,11963
2820,tt058175,141489
2821,tt010418,53761
2822,tt0104839,9096
2823,tt010726,91893
2824,tt0181733,113273
2825,tt0163185,103793
2826,tt0120657,1911
2827,tt0138304,2900
2828,tt0160236,17709
2829,tt0164108,37718
2830,tt0169145,47144
2831,tt0160216,104896
2832,tt0144286,30964
2833,tt0119586,52366
2834,tt0120747,6373
2835,tt0163579,2162
2836,tt0125971,14578
2837,tt0126810,40694
2838,tt0125211,4338
2839,tt0157183,49184
2840,tt0145531,10307
2841,tt0164181,11601
2842,tt0133412,18621
2843,tt0118843,1075
2844,tt0151582,21719
2845,tt0178988,40879
2846,tt097050,47951
2847,tt031762,43832
2848,tt045251,47697
2849,tt0102741,49792
2850,tt0107895,77064
2851,tt081454,
2852,tt088146,26522
2853,tt076150,23761
2854,tt069994,24097
2855,tt086014,42114
2856,tt059297,28295
2857,tt063823,12105
2858,tt0169547,14
2859,tt088178,24128
2860,tt0181316,11001
2861,tt0126916,10390
2862,tt080491,9453
2863,tt058182,704
2864,tt0127296,35122
2865,tt0173390,142132
2866,tt077280,24153
2867,tt089175,11797
2868,tt097390,18086
2869,tt0111342,124475
2870,tt061385,17887
2871,tt068473,10669
2872,tt082348,11527
2873,tt0125879,42848
2874,tt050814,40867
2875,tt0108185,1049
2876,tt0111419,28032
2877,tt073812,11326
2878,tt082511,28377
2879,tt099558,10975
2880,tt091431,10974
2881,tt0150377,10398
2882,tt0120716,2290
2883,tt0140397,24071
2884,tt0129884,62994
2885,tt0160338,60994
2886,tt0159421,16112
2887,tt0168172,32305
2888,tt0164114,14429
2889,tt0134618,15198
2890,tt0120188,6415
2891,tt0162360,24066
2892,tt0133122,21430
2893,tt0134033,10381
2894,tt0194314,171982
2895,tt068990,42486
2896,tt060095,60285
2897,tt087188,5622
2898,tt0106664,10349
2899,tt031397,42518
2900,tt095652,29787
2901,tt079714,9638
2902,tt086154,10576
2903,tt091799,12662
2904,tt023369,61369
2905,tt056443,11712
2906,tt0156934,12618
2907,tt0167427,13824
2908,tt0171804,226
2909,tt0150574,288772
2910,tt0168740,55107
2911,tt0176415,69851
2912,tt0165854,10388
2913,tt0165874,17198
2914,tt0143746,44857
2915,tt086200,9346
2916,tt0100802,861
2917,tt082089,14412
2918,tt091042,9377
2919,tt086617,11541
2920,tt037674,2457
2921,tt068699,11901
2922,tt061747,4929
2923,tt076123,85325
2924,tt080179,11230
2925,tt065571,8416
2926,tt095270,11054
2927,tt037558,851
2928,tt087980,24453
2929,tt082979,18254
2930,tt0176093,56235
2931,tt097223,20123
2932,tt077405,16642
2933,tt057058,2593
2934,tt090636,42020
2935,tt033804,3086
2936,tt034240,16305
2937,tt035169,32255
2938,tt091214,48797
2939,tt046126,19997
2940,tt038559,3767
2941,tt052225,17352
2942,tt085549,535
2943,tt0104507,2731
2944,tt061578,1654
2945,tt087722,31043
2946,tt059260,14831
2947,tt058150,658
2948,tt057076,657
2949,tt055928,646
2950,tt080453,5689
2951,tt058461,391
2952,tt0119256,8052
2953,tt0104431,772
2954,tt079709,65448
2955,tt084485,65452
2956,tt094008,31650
2957,tt017423,73575
2958,tt0133117,302579
2959,tt0137523,550
2960,tt0187712,97537
2961,tt0160916,12220
2962,tt0119114,1610
2963,tt0160672,53151
2964,tt0192194,42881
2965,tt0203408,29064
2966,tt0166896,404
2967,tt048977,42196
2968,tt081633,36819
2969,tt061138,42726
2970,tt083946,9343
2971,tt078754,16858
2972,tt093206,42006
2973,tt097123,11562
2974,tt0200469,10496
2975,tt0168501,16162
2976,tt0163988,8649
2977,tt0142201,31306
2978,tt0144640,10563
2979,tt0172627,14484
2980,tt0148462,214735
2981,tt072742,94857
2982,tt099710,32043
2983,tt059319,15247
2984,tt067527,29251
2985,tt093870,5548
2986,tt0100502,5549
2987,tt096438,856
2988,tt081150,38772
2989,tt082398,699
2990,tt097742,709
2991,tt070328,253
2992,tt091829,13511
2993,tt059800,660
2994,tt0168589,46798
2995,tt0185371,11377
2996,tt0166943,26149
2997,tt0120601,492
2998,tt0144178,108346
2999,tt0154827,98480
3000,tt0119698,128
3001,tt0157075,46286
3002,tt0200849,8672
3003,tt0170705,8056
3004,tt0120596,2020
3005,tt0145681,9481
3006,tt0140352,9008
3007,tt0181288,14242
3008,tt0156729,16129
3009,tt0117365,104103
3010,tt0200071,11489
3011,tt065088,28145
3012,tt016630,51371
3013,tt099180,18111
3014,tt082121,31361
3015,tt077355,11223
3016,tt083767,16281
3017,tt092796,16288
3018,tt089885,1694
3019,tt097240,476
3020,tt0106856,37094
3021,tt082427,13555
3022,tt017925,961
3023,tt018183,73969
3024,tt078087,24831
3025,tt062218,64963
3026,tt093990,85160
3028,tt061407,25560
3029,tt082817,21610
3030,tt055630,11878
3031,tt0100475,11510
3032,tt067525,11234
3033,tt094012,957
3034,tt070608,11886
3035,tt048380,37853
3036,tt082484,62204
3037,tt065988,11040
3038,tt050371,21849
3039,tt086465,1621
3040,tt079540,14035
3041,tt087700,40771
3042,tt093516,40772
3043,tt0104837,40773
3044,tt0101669,11498
3045,tt0105130,11790
3046,tt0113416,29371
3047,tt083911,276635
3048,tt083254,47941
3049,tt061789,29048
3050,tt0172726,19052
3051,tt0149691,21349
3052,tt0120655,1832
3053,tt0151137,10047
3054,tt0190641,10228
3055,tt0165773,47692
3056,tt0160620,18561
3057,tt0118150,144953
3058,tt032215,37426
3059,tt032283,51787
3060,tt0101605,11663
3061,tt034862,13485
3062,tt056197,9289
3063,tt0105156,9264
3064,tt0119908,18222
3065,tt0114008,124853
3066,tt066473,11165
3067,tt095675,4203
3068,tt084855,24226
3069,tt068528,88875
3070,tt086856,11379
3071,tt094027,29154
3072,tt093565,2039
3073,tt059674,77915
3074,tt068762,11943
3075,tt059646,11481
3076,tt057187,2690
3077,tt0164312,20565
3078,tt0165859,27141
3079,tt0178737,10399
3080,tt0179196,90762
3081,tt0162661,2668
3082,tt0143145,36643
3083,tt0185125,99
3084,tt0144969,159569
3085,tt084357,77010
3086,tt024852,25898
3087,tt096061,9647
3088,tt042546,11787
3089,tt040522,5156
3090,tt093509,24276
3091,tt080979,11953
3092,tt055850,44662
3093,tt067411,29005
3094,tt093512,26371
3095,tt032551,596
3096,tt050738,52470
3097,tt033045,20334
3098,tt087781,11393
3099,tt073692,31121
3100,tt0105265,293
3101,tt093010,10998
3102,tt089360,12235
3103,tt0100680,36094
3104,tt095631,9013
3105,tt099077,11005
3106,tt099291,59820
3107,tt0101393,2924
3108,tt0101889,177
3109,tt088007,38557
3110,tt087091,42087
3111,tt087921,13681
3112,tt090556,34760
3113,tt0146675,9946
3114,tt0120363,863
3115,tt0155711,31582
3116,tt0189744,125520
3117,tt0134154,22267
3118,tt0161023,55123
3119,tt067656,5486
3120,tt0104114,10411
3121,tt045877,41462
3122,tt033021,1718
3123,tt097717,28604
3124,tt0160509,15506
3125,tt0172396,20024
3126,tt048034,78256
3127,tt0144715,13787
3128,tt0160513,54933
3129,tt0158371,9684
3130,tt099165,9586
3131,tt0118780,41638
3132,tt010040,70801
3133,tt015863,33015
3134,tt028950,777
3135,tt079239,21887
3136,tt050558,5652
3137,tt081470,19664
3138,tt096171,32331
3139,tt024645,76083
3140,tt014538,32628
3141,tt0100828,32669
3142,tt096328,18161
3143,tt063056,31681
3144,tt060463,33666
3145,tt0150216,32274
3146,tt0205000,10402
3147,tt0120689,497
3148,tt0124315,1715
3149,tt0167423,35118
3150,tt0141974,42739
3151,tt020668,26162
3152,tt067328,25188
3153,tt051337,15515
3154,tt037547,75888
3155,tt0166485,1439
3156,tt0182789,2277
3157,tt0164912,10137
3158,tt0162866,10387
3159,tt0120910,49948
3160,tt0175880,334
3161,tt0119079,30237
3162,tt0174204,50116
3163,tt0151568,46435
3164,tt064006,94260
3165,tt0106455,22213
3166,tt096978,47070
3167,tt066892,36492
3168,tt064276,624
3169,tt087231,26578
3170,tt032590,415072
3171,tt053226,43103
3172,tt047630,43194
3173,tt0146838,9563
3174,tt0125664,1850
3175,tt0177789,926
3176,tt0134119,1213
3177,tt0195945,10471
3178,tt0174856,10400
3179,tt0145653,10397
3180,tt0196857,20761
3181,tt0120866,12524
3182,tt0192335,28216
3183,tt0174268,36773
3184,tt0119699,30814
3185,tt0120834,10219
3186,tt0172493,3558
3187,tt0169333,104878
3188,tt0208261,41276
3189,tt0156812,17908
3190,tt0134983,10384
3191,tt0169156,125317
3192,tt0169302,48233
3193,tt0198385,
3194,tt070903,10236
3195,tt013662,71067
3196,tt046359,632
3197,tt095897,11851
3198,tt070511,5924
3199,tt050815,33734
3200,tt070290,14886
3201,tt065724,26617
3202,tt065436,11900
3203,tt097162,10493
3204,tt077269,16241
3205,tt054067,27632
3206,tt086859,22160
3207,tt045162,4460
3208,tt0107659,9644
3209,tt040552,43455
3210,tt083929,13342
3211,tt094924,35119
3212,tt066856,21256
3213,tt0106364,14919
3214,tt088707,14040
3215,tt075406,75641
3216,tt066380,17343
3217,tt029606,22692
3218,tt0102687,47620
3219,tt0100318,2990
3220,tt055230,38775
3221,tt083851,10831
3222,tt087034,21193
3223,tt090366,33078
3224,tt058625,16672
3225,tt0186975,10472
3226,tt0197544,123277
3227,tt0117131,79474
3228,tt0153866,97805
3229,tt044364,53714
3230,tt071935,21489
3231,tt011652,51392
3232,tt016332,32600
3233,tt062281,110479
3234,tt078412,299121
3235,tt081748,13005
3236,tt068011,65134
3237,tt0183065,121738
3238,tt0120662,18681
3239,tt0141399,75531
3240,tt0156639,20468
3241,tt0201840,14521
3242,tt0126651,46835
3243,tt0104187,10406
3244,tt076095,14741
3245,tt058604,32015
3246,tt0104797,1883
3247,tt0105417,2005
3248,tt0108147,6279
3249,tt0104389,11087
3250,tt0106246,7305
3251,tt088683,24735
3252,tt0105323,9475
3253,tt0105793,8872
3254,tt0108525,8873
3255,tt0104694,11287
3256,tt0105112,9869
3257,tt0103855,619
3258,tt0104070,9374
3259,tt0104231,11259
3260,tt0104454,8293
3261,tt0105415,11068
3262,tt0105665,1923
3263,tt0105812,10158
3264,tt0103893,10206
3265,tt0104684,11782
3266,tt0103905,10086
3267,tt0104815,9367
3268,tt0105477,9876
3269,tt0104291,10326
3270,tt0104040,16562
3271,tt0105046,9609
3272,tt0103759,12143
3273,tt0134084,4234
3274,tt0105414,9605
3275,tt0144117,8374
3276,tt0171356,29076
3277,tt0185154,80471
3278,tt0192069,49477
3279,tt0143344,121940
3280,tt069754,28156
3281,tt0144801,113096
3282,tt0116102,106837
3283,tt067433,24349
3284,tt067848,27841
3285,tt0163978,1907
3286,tt0184907,15489
3287,tt0220099,15655
3288,tt0159373,68546
3289,tt0209189,36210
3290,tt0171764,279444
3291,tt0217107,77908
3292,tt047878,22342
3293,tt0118882,96484
3294,tt074455,30062
3295,tt0107920,62463
3296,tt062376,25934
3297,tt020594,101383
3298,tt0181984,14181
3299,tt0162983,10385
3300,tt0134847,2787
3301,tt0190138,2069
3302,tt0159272,61416
3303,tt0221023,79515
3304,tt077248,14839
3305,tt036653,42186
3306,tt018773,28978
3307,tt021749,901
3308,tt087265,25010
3309,tt09018,36208
3310,tt012349,10098
3311,tt048342,18264
3312,tt073902,291861
3313,tt084395,33374
3314,tt044420,43368
3315,tt043618,127602
3316,tt0184858,2155
3317,tt0185014,11004
3318,tt0158583,25212
3319,tt0181618,36048
3320,tt0164756,139
3321,tt0235872,210307
3322,tt0199290,47816
3323,tt0194368,20682
3324,tt0186045,25166
3325,tt0156841,1831
3326,tt0181151,10416
3327,tt0218043,14271
3328,tt0165798,4816
3329,tt094347,19958
3330,tt055471,28569
3331,tt085980,2193
3332,tt056173,64871
3333,tt063185,54575
3334,tt040506,11016
3335,tt047127,23020
3336,tt055024,54195
3337,tt061801,139058
3338,tt097372,20423
3339,tt074695,10839
3340,tt047898,36489
3341,tt042276,24481
3342,tt086969,11296
3343,tt092559,61651
3344,tt056875,28172
3345,tt062793,57855
3346,tt059044,28180
3347,tt086005,14280
3348,tt066141,72086
3349,tt039698,149687
3350,tt055353,29478
3351,tt058694,28177
3352,tt0171135,64166
3353,tt0218112,73642
3354,tt0183523,2067
3355,tt0142688,622
3356,tt0154352,110666
3357,tt0181530,28463
3358,tt0101698,12186
3359,tt078902,20283
3360,tt091217,5693
3361,tt094812,287
3362,tt072890,968
3363,tt069704,838
3364,tt042208,16958
3365,tt049730,3114
3367,tt062886,31938
3368,tt051411,12501
3369,tt057344,22650
3370,tt094731,31618
3371,tt074235,42232
3372,tt064110,15873
3373,tt068323,26928
3374,tt0104057,68427
3375,tt042393,25392
3376,tt041705,67455
3377,tt035966,22178
3378,tt0118043,48213
3379,tt053137,35412
3380,tt039748,43463
3381,tt0117664,59939
3382,tt028282,159727
3383,tt028629,244151
3384,tt072251,8333
3385,tt090274,19259
3386,tt0102138,820
3387,tt098645,11718
3388,tt093148,8989
3389,tt091400,32031
3390,tt091934,58048
3391,tt094321,26827
3392,tt098309,11157
3393,tt092834,28370
3394,tt092666,918
3395,tt093596,61178
3396,tt079588,11176
3397,tt082474,14900
3398,tt087755,11899
3399,tt089994,36536
3400,tt0108526,18890
3401,tt088760,19736
3402,tt090219,123047
3403,tt081400,24575
3404,tt046435,16535
3405,tt051994,10971
3406,tt043379,23928
3407,tt0201538,31336
3408,tt0195685,462
3409,tt0195714,9532
3410,tt0180181,117259
3411,tt0168475,78231
3412,tt095800,2383
3413,tt041503,25503
3414,tt048316,53879
3415,tt072443,1396
3417,tt044517,11570
3418,tt0103074,1541
3419,tt066392,150043
3420,tt078718,17443
3421,tt077975,8469
3422,tt091939,27995
3423,tt096054,36739
3424,tt097216,925
3425,tt0100168,41823
3426,tt0102175,1713
3427,tt062824,26170
3428,tt078950,30547
3429,tt099317,54825
3430,tt071402,13939
3431,tt082250,14373
3432,tt089003,24873
3433,tt092857,26263
3434,tt0109578,34746
3435,tt036775,996
3436,tt0101787,9079
3437,tt0101615,1496
3438,tt0100758,1498
3439,tt0103060,1497
3440,tt0108308,1499
3441,tt087985,1880
3442,tt090693,33762
3443,tt091313,103960
3444,tt092675,11690
3445,tt077530,29143
3446,tt0113133,35292
3447,tt028944,36652
3448,tt093105,801
3449,tt095238,104301
3450,tt0107050,11520
3451,tt061735,1879
3452,tt0165929,2085
3453,tt0195778,13539
3454,tt0202402,16222
3455,tt0146516,109479
3456,tt0191043,17078
3457,tt0127349,37722
3458,tt098251,75892
3459,tt091142,33516
3460,tt061765,99008
3461,tt057261,9960
3462,tt027977,3082
3463,tt0110629,49338
3464,tt0100649,2102
3465,tt092079,52961
3466,tt0107091,12187
3467,tt057163,24748
3468,tt054997,990
3469,tt053946,1908
3470,tt071411,9764
3471,tt075860,840
3472,tt053719,39890
3473,tt074718,42237
3474,tt0117468,26689
3475,tt043924,25673
3476,tt099871,2291
3477,tt0112950,13531
3478,tt093378,16620
3479,tt089457,526
3480,tt091445,13346
3481,tt0146882,243
3483,tt0138749,10501
3484,tt0192614,11478
3485,tt073327,96167
3486,tt046907,24212
3487,tt061619,6644
3488,tt052888,41038
3489,tt0102057,879
3490,tt068713,32613
3491,tt091579,39406
3492,tt017416,85689
3493,tt069920,31624
3494,tt065126,17529
3495,tt0105267,40841
3496,tt095564,118098
3497,tt085919,1793
3498,tt077928,11327
3499,tt0100157,1700
3500,tt0104928,54087
3501,tt089643,34322
3502,tt0107630,41659
3503,tt069293,593
3504,tt074958,10774
3505,tt093640,10083
3506,tt079640,29786
3507,tt063374,11356
3508,tt075029,10747
3509,tt0165643,38809
3510,tt0186151,10559
3511,tt0217756,20697
3512,tt0122459,2621
3513,tt0160797,10479
3514,tt0172632,125709
3515,tt0183503,49721
3516,tt051406,2006
3517,tt016640,184885
3518,tt0119062,46625
3519,tt077572,17339
3520,tt059287,26879
3521,tt097940,11305
3522,tt067698,48211
3523,tt096211,28975
3524,tt082031,13665
3525,tt086927,12309
3526,tt098067,1552
3527,tt093773,106
3528,tt0102713,10333
3529,tt082934,11027
3530,tt0108167,61560
3531,tt099014,123757
3533,tt057710,27197
3534,tt0191754,10468
3535,tt0144084,1359
3536,tt0171433,4967
3537,tt0149367,31776
3538,tt0166175,10557
3539,tt0236216,27745
3540,tt0160644,19214
3541,tt0179063,46686
3542,tt064180,71402
3543,tt083833,13776
3544,tt0102898,26291
3545,tt068327,10784
3546,tt056687,10242
3547,tt093776,27857
3548,tt051383,16347
3549,tt048140,4825
3550,tt085701,11654
3551,tt074860,10518
3552,tt080487,11977
3553,tt0176783,18041
3554,tt0199725,14736
3555,tt0141926,3536
3556,tt0159097,1443
3557,tt0104549,10424
3558,tt051852,80677
3559,tt044837,28971
3560,tt077132,49096
3561,tt084723,310431
3562,tt0144142,40562
3563,tt0132910,9456
3564,tt0158622,889
3565,tt0198021,10564
3566,tt0189584,15723
3567,tt0180837,19600
3568,tt0162348,125537
3569,tt0154421,452
3570,tt0180793,68170
3571,tt0220100,36234
3572,tt0106521,39283
3573,tt0112634,65460
3574,tt0115834,55667
3575,tt0156460,31978
3576,tt093185,12476
3577,tt096324,5241
3578,tt0172495,98
3579,tt0167203,21311
3580,tt0153464,47724
3581,tt0188674,11129
3582,tt0210130,94214
3583,tt053726,117781
3584,tt085276,1058
3585,tt049279,37112
3586,tt080913,42159
3587,tt080923,16395
3588,tt068805,50627
3589,tt060749,5608
3590,tt071772,38925
3591,tt085970,13105
3592,tt084315,22501
3593,tt0185183,5491
3594,tt0210616,10560
3595,tt0165831,19489
3596,tt0156323,19419
3597,tt0174336,23531
3598,tt0171359,10688
3599,tt037514,17889
3600,tt054692,18228
3601,tt071288,80351
3602,tt053848,18642
3603,tt064363,205054
3604,tt056048,39391
3605,tt051818,18644
3606,tt041716,31516
3607,tt070481,45827
3608,tt089791,5683
3609,tt0181786,113279
3610,tt058534,2094
3611,tt036326,14906
3612,tt075232,16176
3613,tt096259,52770
3614,tt0104438,12518
3615,tt0130623,10567
3616,tt0217630,10642
3617,tt0215129,9285
3618,tt0196216,10569
3619,tt080881,21879
3620,tt0119746,98502
3621,tt082933,21484
3622,tt066495,24918
3623,tt0120755,955
3624,tt0184894,8584
3625,tt0207998,47295
3626,tt0154443,11332
3627,tt055830,16093
3628,tt034742,29372
3629,tt015864,962
3630,tt068863,5483
3631,tt0116661,21060
3632,tt039631,30588
3633,tt064757,668
3634,tt058576,23518
3635,tt076752,691
3636,tt0118834,31353
3637,tt089960,44018
3638,tt079574,698
3639,tt071807,682
3640,tt050598,28973
3641,tt014624,28974
3642,tt034889,40685
3643,tt036824,22994
3644,tt032383,40639
3645,tt055852,499
3646,tt0208003,9600
3647,tt0173910,120077
3648,tt050095,38006
3649,tt080365,2768
3650,tt090644,42002
3651,tt069029,40365
3652,tt081318,24920
3653,tt060371,21
3654,tt054953,10911
3655,tt070130,10102
3656,tt039589,30308
3657,tt043899,38688
3658,tt062168,26912
3659,tt050873,26278
3660,tt098143,26953
3661,tt0100438,26954
3662,tt0102728,26956
3663,tt0107899,26957
3664,tt0110916,26958
3665,tt0132451,26959
3666,tt0189047,26960
3667,tt095977,80287
3668,tt063518,6003
3669,tt0105466,23939
3670,tt038120,46614
3671,tt071230,11072
3672,tt071206,23069
3673,tt092638,21299
3674,tt076044,38802
3675,tt047673,13368
3676,tt074486,985
3677,tt0103767,14002
3678,tt048347,541
3679,tt082252,21137
3680,tt094980,36724
3681,tt059578,938
3682,tt070355,10648
3683,tt086979,11368
3684,tt097322,10875
3685,tt089841,2075
3686,tt099582,1551
3687,tt095525,22500
3688,tt084522,10246
3689,tt086129,19698
3690,tt089826,23919
3691,tt086143,18835
3692,tt090849,26554
3693,tt090190,15239
3694,tt098503,28165
3695,tt098502,28169
3696,tt091630,15762
3697,tt0100403,169
3698,tt093894,865
3699,tt088172,9663
3700,tt087004,26889
3701,tt094631,10128
3702,tt079501,9659
3703,tt082694,8810
3704,tt089530,9355
3705,tt099141,1727
3706,tt092563,635
3707,tt091635,10068
3708,tt087262,11495
3709,tt0105428,11428
3710,tt094612,10117
3711,tt0105316,35936
3712,tt0102951,25562
3713,tt0100046,51763
3714,tt094882,73079
3715,tt092710,38921
3716,tt093011,35463
3717,tt0187078,9679
3718,tt0179074,24587
3719,tt0182295,51333
3720,tt0145503,17771
3721,tt0162711,31610
3722,tt0143422,60005
3723,tt099726,10264
3724,tt077362,31657
3725,tt082009,29204
3726,tt074156,17814
3727,tt093605,11879
3728,tt0102592,21128
3729,tt067741,482
3730,tt071360,592
3731,tt082220,31593
3732,tt077588,12611
3733,tt070509,14328
3734,tt082945,32047
3735,tt070666,9040
3736,tt043338,25364
3737,tt056195,43002
3738,tt072226,5121
3739,tt023622,195
3740,tt090728,6978
3741,tt069762,3133
3742,tt015648,643
3743,tt0204175,10571
3744,tt0162650,479
3745,tt0120913,7450
3746,tt0188030,31023
3747,tt0186253,25636
3748,tt0165384,41160
3749,tt0189142,47439
3750,tt0217287,207731
3751,tt0120630,7443
3752,tt0183505,2123
3753,tt0187393,2024
3754,tt0131704,17711
3755,tt0177971,2133
3756,tt0200669,29946
3757,tt068230,25993
3758,tt097100,28774
3759,tt039404,46929
3760,tt076257,11598
3761,tt0106469,9702
3762,tt050292,117026
3763,tt089118,9873
3764,tt0101846,16820
3765,tt099797,14864
3766,tt087727,15379
3767,tt089604,12764
3768,tt094792,27352
3769,tt072288,8348
3770,tt087175,24099
3771,tt071569,17897
3772,tt064904,28050
3773,tt099800,16094
3774,tt0102065,16096
3775,tt038718,20343
3776,tt040580,13757
3777,tt093608,11822
3778,tt040664,90980
3779,tt046213,26270
3780,tt042897,37744
3781,tt070679,494
3782,tt069257,493
3783,tt0159382,12706
3784,tt0219854,4244
3785,tt0175142,4247
3786,tt0179116,20770
3787,tt0215369,1050
3788,tt060176,1052
3789,tt059575,20540
3790,tt0212974,23655
3791,tt087277,1788
3792,tt038499,32275
3793,tt0120903,36657
3794,tt0200530,44490
3795,tt0168794,47585
3796,tt0120894,1448
3797,tt0163676,36047
3798,tt0161081,2655
3799,tt0210234,12599
3800,tt0205735,33828
3801,tt052561,93
3802,tt0104299,9278
3803,tt068659,90715
3804,tt079257,59181
3805,tt082622,22167
3806,tt064615,18118
3807,tt076716,11940
3808,tt054749,24167
3809,tt0103241,10276
3810,tt0105813,19380
3811,tt080310,13783
3812,tt068555,11624
3813,tt077742,15867
3814,tt073312,11686
3816,tt089276,29263
3817,tt0117817,46754
3818,tt034055,18702
3819,tt092048,11830
3820,tt0205461,16110
3821,tt0144528,12107
3822,tt0144201,10401
3823,tt0171865,32640
3824,tt0174480,10641
3825,tt0200550,6282
3826,tt0164052,9383
3827,tt0186566,5551
3828,tt0131972,277726
3829,tt0156757,43079
3830,tt0206226,27723
3831,tt0195234,2360
3832,tt057603,28043
3833,tt052646,33468
3834,tt080472,21866
3835,tt0106627,33408
3836,tt065938,11589
3837,tt095863,15158
3838,tt0110823,16139
3839,tt0138703,16146
3840,tt095925,26515
3841,tt099005,11856
3843,tt086320,13567
3844,tt098384,10860
3845,tt049189,8420
3846,tt085470,18391
3847,tt071650,20850
3848,tt0111187,39473
3849,tt038975,27452
3850,tt065206,77571
3851,tt0251739,38548
3852,tt0234853,20438
3853,tt0165986,274868
3854,tt0130444,2211
3855,tt0204709,46991
3856,tt0120593,201581
3857,tt0163983,10391
3858,tt0173716,14195
3859,tt0233687,15665
3860,tt0138681,45905
3861,tt0191397,10393
3862,tt0199314,18168
3863,tt0209958,8843
3864,tt0188640,10643
3865,tt0236388,23618
3866,tt0178050,117262
3867,tt0176426,30946
3868,tt095705,37136
3869,tt0102510,37137
3870,tt032881,23283
3871,tt046303,3110
3872,tt053318,14698
3873,tt059017,11694
3874,tt0118018,47434
3875,tt062885,39891
3876,tt0120867,76891
3877,tt088206,9651
3878,tt049967,26865
3879,tt0160009,11398
3880,tt0236008,161687
3881,tt0168515,26244
3882,tt0204946,1588
3883,tt0162903,287821
3884,tt0198386,19150
3885,tt0234137,25128
3886,tt0161216,18153
3887,tt0157182,30910
3888,tt0209322,41282
3889,tt0144964,12211
3890,tt0259207,137236
3891,tt0216772,9995
3892,tt0187696,1698
3893,tt0171580,10480
3894,tt0190798,80713
3895,tt0204626,10685
3896,tt0202677,1619
3897,tt0181875,786
3898,tt0211938,14805
3899,tt0191037,51179
3900,tt0197384,46119
3901,tt0134630,18074
3902,tt0210717,170767
3903,tt0182508,77332
3904,tt0188694,27665
3905,tt0181836,29015
3906,tt0164212,10562
3907,tt0170452,201724
3908,tt0192731,12212
3909,tt0206420,14629
3910,tt0168629,16
3911,tt0218839,13785
3912,tt0210567,34299
3913,tt0211219,15752
3914,tt0222850,22597
3915,tt0210075,19348
3916,tt0210945,10637
3917,tt093177,9003
3918,tt095294,9064
3919,tt0104409,11569
3920,tt0107209,10434
3921,tt056860,26484
3922,tt057887,39113
3923,tt053219,38126
3924,tt058440,53617
3925,tt088184,469
3926,tt055608,2160
3927,tt060397,2161
3928,tt040068,3073
3929,tt032234,911
3930,tt046876,10973
3931,tt052846,34077
3932,tt024184,10787
3933,tt052969,43109
3934,tt050610,43230
3936,tt036261,15855
3937,tt088024,9507
3938,tt084695,27475
3939,tt093996,27764
3940,tt0100639,27767
3941,tt091990,40760
3942,tt0100663,40446
3943,tt0215545,24664
3944,tt0210584,21370
3945,tt0259974,20455
3946,tt0208988,10461
3947,tt067128,1485
3948,tt0212338,1597
3949,tt0180093,641
3950,tt0170691,10687
3951,tt0202641,63956
3952,tt0208874,6521
3953,tt0205271,10763
3954,tt0162236,100975
3955,tt0213790,16888
3956,tt0160484,10383
3957,tt066832,21142
3958,tt075754,78140
3959,tt054387,2134
3960,tt0113269,18801
3961,tt089200,18498
3962,tt093091,28605
3963,tt058708,42797
3964,tt041094,13465
3965,tt038988,27033
3966,tt037638,20367
3967,tt0249462,71
3968,tt0230030,1636
3969,tt0223897,10647
3970,tt082307,19204
3971,tt081376,13762
3972,tt0111512,12207
3973,tt0229260,11531
3974,tt0192255,24100
3975,tt0219952,10783
3976,tt0192949,47302
3977,tt0160127,4327
3978,tt0146984,4958
3979,tt0185431,9678
3980,tt0203019,11978
3981,tt0199753,8870
3982,tt0197096,77434
3983,tt0203230,14295
3984,tt066995,681
3985,tt074452,11372
3986,tt0216216,8452
3987,tt0186894,10862
3988,tt0170016,8871
3989,tt0230591,34045
3990,tt0213203,16340
3991,tt0211181,10481
3992,tt0213847,10867
3993,tt0180073,10876
3994,tt0217869,9741
3995,tt0265101,79920
3996,tt0190332,146
3997,tt0190374,11849
3998,tt0228750,11983
3999,tt0190865,11678
4000,tt086993,2669
4001,tt088936,20721
4002,tt093748,2609
4003,tt096094,12714
4004,tt0120090,92603
4005,tt093428,708
4006,tt092106,1857
4007,tt094291,10673
4008,tt096969,2604
4009,tt096219,10132
4010,tt088850,11064
4011,tt0208092,107
4012,tt095927,40820
4013,tt0156807,37716
4014,tt0241303,392
4015,tt0242423,8859
4016,tt0120917,11688
4017,tt0183659,12509
4018,tt0207201,3981
4019,tt0181536,711
4020,tt0219699,2046
4021,tt0247196,5001
4022,tt0162222,8358
4023,tt0218967,5994
4024,tt0200720,25520
4025,tt0212346,1493
4026,tt0223530,25660
4027,tt0190590,134
4028,tt0210299,62677
4029,tt0120202,21991
4030,tt0219653,10577
4031,tt0149624,21355
4032,tt0218182,29122
4033,tt0146309,11973
4034,tt0181865,1900
4035,tt0218378,44853
4036,tt0189998,10873
4037,tt093223,26719
4038,tt097662,31583
4039,tt083564,15739
4040,tt0101757,15413
4041,tt084434,2623
4042,tt053580,11209
4043,tt090670,13715
4044,tt075783,19108
4045,tt072735,8043
4046,tt049233,43258
4047,tt0107007,10655
4048,tt0110115,75490
4049,tt073605,42261
4050,tt0218625,34794
4051,tt056600,
4052,tt0218817,9989
4053,tt0238948,18828
4054,tt0206275,9816
4055,tt0194218,20637
4056,tt0237572,5955
4057,tt0176883,125498
4058,tt0212423,77825
4059,tt0213446,220976
4060,tt0104765,66599
4061,tt0102388,17474
4062,tt095690,11191
4063,tt0105165,2613
4064,tt069897,22021
4065,tt071517,22048
4066,tt095348,17006
4067,tt0108451,26333
4068,tt0186589,16723
4069,tt0209475,2018
4070,tt0118614,31768
4071,tt0116119,287991
4072,tt0157122,47595
4073,tt0178642,18856
4074,tt0234805,10499
4075,tt0188506,37949
4076,tt0162024,83500
4077,tt0216800,47943
4078,tt092545,74340
4079,tt092546,5709
4080,tt092605,11215
4081,tt092608,26477
4082,tt092618,10937
4083,tt092641,4639
4084,tt092644,96
4085,tt086960,90
4086,tt092654,11028
4087,tt092655,57240
4088,tt092656,67307
4089,tt092690,19324
4090,tt092695,19933
4091,tt092718,12919
4092,tt092746,15785
4093,tt092783,31701
4094,tt092798,31563
4095,tt092804,12506
4096,tt092809,89992
4097,tt092842,70199
4098,tt092843,39507
4099,tt092854,62185
4100,tt092897,24826
4101,tt092904,30994
4102,tt092948,17159
4103,tt092965,10110
4104,tt092974,18935
4105,tt083907,764
4106,tt092997,20287
4107,tt093006,26964
4108,tt093029,71881
4109,tt093036,15658
4110,tt093044,4918
4111,tt093073,28368
4112,tt093092,58084
4113,tt093093,52780
4114,tt093104,48149
4115,tt093186,26156
4116,tt093200,34101
4117,tt093209,32054
4118,tt093215,14464
4119,tt093225,65501
4120,tt093231,32227
4121,tt093260,2614
4122,tt093277,40962
4123,tt093278,12704
4124,tt093300,580
4125,tt093405,24828
4126,tt093407,13703
4127,tt093418,36914
4128,tt093437,1547
4129,tt093467,42010
4130,tt093476,2608
4131,tt093477,32058
4132,tt093493,10019
4133,tt093507,11649
4134,tt093539,84499
4135,tt093560,13509
4136,tt093562,63639
4137,tt093567,30175
4138,tt093589,51521
4139,tt093638,34379
4140,tt093648,22915
4141,tt0192111,24940
4142,tt0190524,37302
4143,tt0242998,10984
4144,tt0118694,843
4145,tt0177769,121091
4146,tt0120753,318
4147,tt0250478,12806
4148,tt0212985,9740
4149,tt0239948,10878
4150,tt0230783,47588
4151,tt0216787,10697
4152,tt0190861,7093
4153,tt0231775,16300
4154,tt0265632,19405
4155,tt0230838,1921
4156,tt0177650,44412
4157,tt0249893,21620
4158,tt0166276,23685
4159,tt0233142,12138
4160,tt0191636,48217
4161,tt0236493,6073
4162,tt0250720,39180
4163,tt0262462,35569
4164,tt0182000,25208
4165,tt0244504,82103
4166,tt0251031,19513
4167,tt0179626,2749
4168,tt0192071,10050
4169,tt0212380,17203
4170,tt0138493,168485
4171,tt0236447,95682
4172,tt0161977,54968
4173,tt0220157,49929
4174,tt099073,2302
4175,tt0116447,32686
4176,tt0107474,13889
4177,tt081163,6028
4178,tt031742,51802
4179,tt082912,42148
4180,tt091836,29492
4181,tt096223,25447
4182,tt090213,28410
4183,tt0100842,38545
4184,tt039190,19490
4185,tt065687,31151
4186,tt060424,1888
4187,tt057251,38805
4188,tt044685,16618
4189,tt059245,2428
4190,tt053793,22013
4191,tt060086,15598
4192,tt046899,43332
4193,tt0113026,62127
4194,tt037800,56137
4195,tt066740,17965
4196,tt059465,29067
4197,tt079781,33250
4198,tt080421,14460
4199,tt099385,17466
4200,tt0101764,9594
4201,tt077504,35976
4202,tt068617,4986
4203,tt0102005,2453
4204,tt085868,33676
4205,tt0100140,4587
4206,tt097880,31004
4207,tt0100232,12773
4208,tt0127952,125099
4209,tt0201776,27859
4210,tt091474,11454
4211,tt0100486,38718
4212,tt077413,4192
4213,tt097179,11607
4214,tt088000,14052
4215,tt093857,16889
4216,tt0100049,39934
4217,tt0118540,26580
4218,tt091860,21309
4219,tt089208,16263
4220,tt071771,4985
4221,tt0102517,20704
4222,tt087015,23730
4223,tt0215750,853
4224,tt0242445,10877
4225,tt0205873,5257
4226,tt0209144,77
4227,tt0250274,20322
4228,tt0125022,10833
4229,tt0239949,20309
4230,tt0120352,125093
4231,tt0244970,12658
4232,tt0227538,10054
4233,tt0246989,10646
4234,tt0236784,2575
4235,tt0245712,55
4236,tt0206187,65075
4237,tt0247380,44379
4238,tt0164334,2043
4239,tt0221027,4133
4240,tt0189192,56715
4241,tt0266860,10991
4242,tt0221889,15940
4243,tt0268200,26791
4244,tt0260332,44069
4245,tt0238588,68894
4246,tt0243155,634
4247,tt0245686,10956
4248,tt0236348,19366
4249,tt0246002,136558
4250,tt0201485,28308
4251,tt0221073,9519
4252,tt0255094,13898
4253,tt0210149,196280
4254,tt0231402,9290
4255,tt0240515,13166
4256,tt0240402,32590
4257,tt0249538,109472
4258,tt0251191,153141
4259,tt0211492,52654
4260,tt0199129,70282
4261,tt0116882,47643
4262,tt086250,111
4263,tt055895,32488
4265,tt0132245,10477
4266,tt0245120,12484
4267,tt0203755,2144
4268,tt0141907,24113
4269,tt0234570,118052
4270,tt0209163,1734
4271,tt0243889,38047
4272,tt0162023,8076
4273,tt0240913,4973
4274,tt056937,8095
4275,tt085811,849
4276,tt089504,27223
4277,tt016039,2981
4278,tt025913,39266
4279,tt098524,31863
4280,tt084917,11307
4281,tt062776,46498
4282,tt064940,11163
4283,tt069191,11035
4284,tt060429,18691
4285,tt0101912,3784
4286,tt0107130,78133
4287,tt058453,22829
4288,tt0152015,35717
4289,tt080539,11936
4290,tt0101902,25221
4291,tt080319,19494
4292,tt079638,40842
4293,tt090098,19357
4294,tt045464,33743
4295,tt096875,32924
4296,tt066011,9062
4297,tt093713,11174
4298,tt048021,934
4299,tt0183790,9476
4300,tt0212826,37691
4301,tt0260775,115810
4302,tt0208911,10613
4303,tt0204640,19094
4304,tt0256408,14268
4305,tt0225071,5852
4306,tt0126029,808
4307,tt0206742,49453
4308,tt0203009,824
4309,tt0184819,37558
4310,tt0213149,676
4311,tt0157411,88727
4312,tt0210727,26813
4313,tt0206917,29572
4314,tt0234407,48109
4315,tt0189541,291675
4316,tt077716,50541
4317,tt0102343,26255
4318,tt0100395,22414
4319,tt046719,43329
4320,tt074254,42233
4321,tt0101587,1406
4322,tt095082,13554
4323,tt052902,17664
4324,tt048248,66035
4325,tt054130,41050
4326,tt095647,1632
4327,tt054047,966
4328,tt060897,12639
4329,tt053221,301
4330,tt025746,31527
4331,tt078227,4988
4332,tt094082,12623
4333,tt094142,11896
4334,tt0244316,25538
4335,tt081159,17971
4336,tt0110631,6498
4337,tt060934,5923
4338,tt041996,15497
4339,tt059885,21876
4340,tt0255798,11090
4341,tt0161083,14034
4342,tt0212815,21056
4343,tt0251075,9397
4344,tt0244244,9705
4345,tt0254099,26475
4346,tt0212827,56934
4347,tt0234288,29937
4348,tt0194530,49922
4349,tt065528,10364
4350,tt0116344,32458
4351,tt0102685,1089
4352,tt098300,38043
4353,tt086508,9967
4354,tt0105699,17494
4355,tt092272,17465
4356,tt045810,759
4357,tt045891,10297
4358,tt051885,29393
4359,tt048605,10653
4360,tt047574,21468
4361,tt084805,9576
4362,tt090770,22323
4363,tt066471,31935
4364,tt0120374,126881
4365,tt0244709,52616
4366,tt0230011,10865
4367,tt0146316,1995
4368,tt0240462,10808
4369,tt0232500,9799
4370,tt0212720,644
4371,tt0255819,16161
4372,tt0250224,10691
4373,tt0258038,10615
4374,tt0212517,47596
4375,tt0228242,21488
4376,tt0284067,59733
4377,tt0215139,271462
4378,tt0203119,11826
4379,tt0179473,24470
4380,tt0203632,9301
4381,tt0243493,11444
4382,tt0226648,15564
4383,tt0228786,60670
4384,tt0246765,55551
4385,tt0210217,40880
4386,tt0239395,10992
4387,tt0271027,2140
4388,tt0257106,4248
4389,tt0245238,17612
4390,tt0249380,3134
4391,tt0224578,34899
4392,tt099012,8217
4393,tt094663,22478
4394,tt058953,26483
4395,tt052216,24382
4396,tt082136,11286
4397,tt087032,11950
4398,tt098369,12236
4399,tt058249,36245
4400,tt045699,43342
4401,tt057007,15875
4402,tt059124,26573
4403,tt053925,23439
4404,tt016847,10728
4405,tt015064,5991
4406,tt056217,11697
4407,tt091886,6106
4408,tt093940,22477
4409,tt0105378,19200
4410,tt091983,11300
4411,tt059740,16211
4412,tt069372,28650
4413,tt059878,42780
4414,tt057693,32569
4415,tt082163,20075
4416,tt054790,28430
4417,tt082966,28794
4418,tt084788,20197
4419,tt047811,43316
4420,tt046754,34689
4421,tt0118734,25690
4422,tt069467,10238
4423,tt053796,18929
4424,tt065777,4789
4425,tt093227,32595
4426,tt048261,18030
4427,tt063227,18988
4428,tt055184,11536
4429,tt049513,10339
4430,tt0102690,39875
4431,tt028167,50031
4432,tt051036,976
4433,tt049966,69605
4434,tt059095,65632
4435,tt089716,29471
4436,tt074991,4780
4437,tt076786,11906
4438,tt068767,11713
4439,tt082176,9589
4440,tt067824,12481
4441,tt077594,13333
4442,tt089461,13938
4443,tt082869,10540
4444,tt068935,9462
4445,tt0163862,82623
4446,tt0173840,2114
4447,tt0250494,8835
4448,tt0227445,11371
4449,tt0262210,78248
4450,tt0242193,9517
4451,tt0273300,25985
4452,tt0227005,15745
4453,tt0245280,24977
4454,tt0188913,36107
4455,tt0120327,113271
4456,tt0278475,58904
4457,tt0238015,103489
4458,tt0109049,13794
4459,tt0130445,13795
4460,tt0159423,103488
4461,tt0182299,73482
4462,tt094593,38965
4463,tt094594,47817
4464,tt094606,31052
4465,tt094608,10868
4466,tt094602,9395
4467,tt096764,14506
4468,tt094667,5333
4469,tt094669,4281
4470,tt094675,2
4471,tt094678,26044
4472,tt094701,59797
4473,tt094712,14911
4474,tt094715,15592
4475,tt094716,15267
4476,tt094739,12710
4477,tt094744,30502
4478,tt094746,19382
4479,tt094747,24679
4480,tt094761,9599
4481,tt094783,94440
4482,tt094799,17170
4483,tt094824,18509
4484,tt094828,110428
4485,tt094846,34604
4486,tt094884,14441
4487,tt094889,7520
4488,tt094894,10126
4489,tt094898,9602
4490,tt094910,23752
4491,tt097125,41952
4492,tt090887,3980
4493,tt094919,10127
4494,tt0101627,12702
4495,tt094921,27397
4496,tt094933,9748
4497,tt094961,40095
4498,tt094963,10651
4499,tt095031,10141
4500,tt092929,27362
4501,tt095088,5680
4502,tt095107,26386
4503,tt095119,34053
4504,tt095145,25884
4505,tt095169,26355
4506,tt095174,10675
4507,tt095178,38982
4508,tt095243,10130
4509,tt095253,2617
4510,tt095288,38615
4511,tt095304,21362
4512,tt095326,30690
4513,tt095333,75889
4514,tt095334,38500
4515,tt095360,26723
4516,tt095409,20443
4517,tt095484,49365
4518,tt095488,11347
4519,tt095489,12144
4520,tt095519,13704
4521,tt095532,12505
4522,tt095599,41963
4523,tt095638,13482
4524,tt095654,34014
4525,tt095662,29739
4526,tt095687,12120
4527,tt095736,47818
4528,tt095774,38617
4529,tt095801,3543
4530,tt095853,51321
4531,tt095963,9604
4532,tt095990,24929
4533,tt089907,10925
4534,tt095993,13965
4535,tt084296,24266
4536,tt096003,58434
4537,tt096018,18197
4538,tt096029,70842
4539,tt096030,38909
4540,tt096037,17126
4541,tt096071,11503
4542,tt096087,38558
4543,tt096098,9717
4544,tt096101,11966
4545,tt091949,2605
4546,tt096163,8740
4547,tt096180,25497
4548,tt096193,38560
4549,tt096200,50203
4550,tt096203,26798
4551,tt096241,91445
4552,tt096251,41428
4553,tt096256,8337
4554,tt096280,47493
4555,tt096289,8463
4556,tt096294,41974
4557,tt096316,28176
4558,tt096320,9493
4559,tt096380,26603
4560,tt096425,33172
4561,tt096426,29095
4562,tt096454,12582
4563,tt096486,10001
4564,tt096794,11352
4565,tt088708,12500
4566,tt092548,25678
4567,tt096804,25682
4568,tt096913,17882
4569,tt0106393,32049
4570,tt096926,45225
4571,tt096928,1648
4572,tt096933,4105
4573,tt096943,22711
4574,tt096945,19124
4575,tt096976,69828
4576,tt097001,53150
4577,tt097027,10142
4578,tt097044,3064
4579,tt097109,86093
4580,tt097138,10134
4581,tt097142,21291
4582,tt097166,4925
4583,tt097211,30352
4584,tt097236,15142
4585,tt097235,14550
4586,tt097243,32075
4587,tt097257,2210
4588,tt097262,25005
4589,tt085475,21721
4590,tt097276,116014
4591,tt097289,11828
4592,tt097314,55699
4593,tt097328,10551
4594,tt097334,20713
4595,tt097336,27461
4596,tt097435,41969
4597,tt097438,1380
4598,tt096870,19157
4599,tt097457,11465
4600,tt097458,17190
4601,tt097478,55059
4602,tt097481,9085
4603,tt097500,17819
4604,tt097521,46786
4605,tt097531,14776
4606,tt097567,59585
4607,tt097570,32855
4608,tt097579,29185
4609,tt097607,39787
4610,tt097613,32059
4611,tt097626,505
4612,tt097635,4486
4613,tt097637,10345
4614,tt097659,10222
4615,tt097714,12774
4616,tt097722,14621
4617,tt097731,19118
4618,tt097737,14372
4619,tt097758,15138
4620,tt097770,9972
4621,tt097778,9494
4622,tt097790,17362
4623,tt097815,9942
4624,tt097858,8216
4625,tt097883,4296
4626,tt097889,24739
4627,tt097892,39197
4628,tt097965,9686
4629,tt097967,27418
4630,tt097987,39002
4631,tt098022,43345
4632,tt098051,31606
4633,tt098068,27607
4634,tt098073,37146
4635,tt098097,20006
4636,tt098141,8867
4637,tt098180,12663
4638,tt0163025,331
4639,tt0265029,11467
4640,tt0222851,327
4641,tt0162346,1548
4642,tt0248845,13403
4643,tt0133152,869
4644,tt0237539,552
4645,tt0123948,36095
4646,tt0203540,33379
4647,tt0261755,196859
4648,tt0259442,47574
4649,tt0243655,2171
4650,tt098184,87462
4651,tt098188,20307
4652,tt098193,19142
4653,tt098194,41946
4654,tt098206,10135
4655,tt098219,32767
4656,tt098224,56162
4657,tt098230,24254
4658,tt098253,19236
4659,tt098260,32261
4660,tt098261,60276
4661,tt098273,12150
4662,tt098282,11185
4663,tt098308,47045
4664,tt098319,18683
4665,tt098320,12521
4666,tt098343,12478
4667,tt098347,49788
4668,tt098356,31083
4669,tt098385,30666
4670,tt094035,25155
4671,tt098725,65015
4672,tt098436,24077
4673,tt098439,9618
4674,tt098442,16560
4675,tt098471,31608
4676,tt098519,22102
4677,tt098536,6951
4678,tt098546,11959
4679,tt098554,2616
4680,tt098577,7091
4681,tt098621,249
4682,tt098622,11342
4683,tt098663,183
4684,tt098678,32330
4685,tt0108517,24126
4686,tt0108539,8494
4687,tt056868,26535
4688,tt0101465,41784
4689,tt065761,27431
4690,tt087089,2148
4691,tt087130,42033
4692,tt087428,11308
4693,tt0116604,23239
4694,tt0119512,53119
4695,tt078490,31941
4696,tt083366,19317
4697,tt083624,27813
4698,tt0119842,57745
4699,tt0218922,2057
4700,tt0247638,9880
4701,tt0266915,5175
4702,tt0262826,21596
4703,tt094868,41951
4704,tt056059,11385
4705,tt077288,4484
4706,tt080489,11684
4707,tt0102299,44414
4708,tt060668,44258
4709,tt064782,20391
4710,tt075213,12584
4711,tt0108323,70042
4712,tt064285,1627
4713,tt080360,11542
4714,tt080377,17169
4715,tt080402,39176
4716,tt080408,33214
4717,tt080436,19267
4718,tt0252866,2770
4719,tt0181739,12610
4720,tt0230600,1933
4721,tt0244000,13496
4722,tt0250202,21055
4723,tt0250323,24936
4724,tt0221559,80070
4725,tt0261983,10972
4726,tt0262076,207541
4727,tt0238112,1722
4728,tt0250687,9896
4729,tt0168446,26665
4731,tt0251141,125707
4732,tt0258470,9683
4733,tt0256524,2779
4734,tt0261392,2294
4735,tt0228333,10016
4736,tt0234829,26602
4737,tt0221799,37920
4738,tt0208196,22230
4739,tt0233699,206412
4740,tt0206926,13966
4741,tt0203166,742
4742,tt0160710,248757
4743,tt0255653,15104
4744,tt0263488,8922
4745,tt0184791,11065
4746,tt0219400,21118
4747,tt0155197,46727
4748,tt0103596,16314
4749,tt0109015,18885
4750,tt0112255,40508
4751,tt080907,5922
4752,tt081114,27346
4753,tt092147,34223
4754,tt070917,16307
4755,tt0118178,27681
4756,tt0246544,11370
4757,tt0202470,12508
4758,tt0218619,14033
4759,tt0269341,25462
4760,tt0238066,223346
4761,tt0200427,34714
4762,tt0259981,47161
4763,tt0263957,106230
4764,tt0243595,35176
4765,tt0242587,18734
4766,tt0250809,44321
4767,tt047795,26661
4768,tt013086,5998
4769,tt0248912,58062
4770,tt0221218,2176
4771,tt0180734,20857
4772,tt0229340,22617
4773,tt0273253,75386
4774,tt0246464,2185
4775,tt0118589,10696
4776,tt0139654,2034
4777,tt0243759,21538
4778,tt0264476,51722
4779,tt0270971,101860
4780,tt0255321,48834
4781,tt0263728,30379
4782,tt0239986,31016
4783,tt0264578,32567
4784,tt082416,12537
4785,tt063032,9028
4786,tt070294,16180
4787,tt0102316,11521
4788,tt079579,21028
4789,tt071994,27327
4790,tt075132,35200
4791,tt067921,21242
4792,tt053559,29756
4793,tt082770,82523
4794,tt093677,20115
4795,tt058092,30295
4796,tt053877,25767
4797,tt052896,33725
4798,tt051773,22874
4799,tt057193,11576
4800,tt029081,43860
4801,tt033836,43802
4802,tt053143,9660
4803,tt067588,15393
4804,tt055312,248
4805,tt050933,40885
4806,tt059527,25905
4807,tt086352,21148
4808,tt0108473,1644
4809,tt086312,12502
4810,tt076172,66092
4811,tt079766,10373
4812,tt091993,13766
4813,tt044207,16380
4814,tt0260866,12103
4815,tt0252501,11313
4816,tt0196229,9398
4817,tt0236034,35066
4818,tt0245891,45864
4819,tt0242994,55372
4820,tt0281376,292947
4821,tt0206314,10866
4822,tt0273799,34549
4823,tt0240890,9778
4824,tt0265212,34453
4825,tt0240419,58429
4826,tt080437,16121
4827,tt080464,40220
4828,tt082100,166
4829,tt058283,42787
4830,tt080474,1623
4831,tt080492,40932
4832,tt080500,32027
4833,tt080516,13550
4834,tt080520,13612
4835,tt080549,16769
4836,tt080556,42158
4837,tt080569,27958
4838,tt082226,86463
4839,tt080603,31703
4840,tt080610,1716
4841,tt080634,27059
4842,tt080641,20681
4843,tt0219126,57743
4844,tt0219965,3172
4845,tt0250310,17708
4846,tt0108148,12780
4847,tt0243255,570
4848,tt0166924,1018
4849,tt0206963,25641
4850,tt0164917,16767
4851,tt0245501,102933
4852,tt0166110,11380
4853,tt072732,27396
4854,tt061489,26299
4855,tt066999,984
4856,tt0109609,15559
4857,tt067093,14811
4858,tt084043,21741
4859,tt095428,77670
4860,tt087666,55727
4861,tt0119682,15560
4862,tt0102555,9585
4863,tt072979,14267
4864,tt0105601,45929
4865,tt0120681,768
4866,tt0272020,2100
4867,tt0200027,11091
4868,tt0263101,3173
4869,tt0227277,27092
4870,tt0217355,23941
4871,tt0246628,18192
4872,tt0256103,11845
4873,tt0243017,9081
4874,tt0272152,167
4875,tt0279286,34043
4876,tt0245674,9378
4877,tt0236019,27444
4878,tt0246578,141
4879,tt0253126,10034
4880,tt0264796,11457
4881,tt0243133,10778
4882,tt0236000,78657
4883,tt0234988,67385
4884,tt0278102,151727
4885,tt0249478,11456
4886,tt0198781,585
4887,tt0267804,10796
4888,tt0275719,23949
4889,tt0252503,11088
4890,tt0256380,9889
4891,tt0177888,140511
4892,tt0246072,133115
4893,tt080130,45964
4894,tt086443,32014
4895,tt0290332,13408
4896,tt0241527,671
4897,tt0245115,17731
4898,tt0234354,20794
4899,tt0265087,11469
4900,tt0253798,14369
4901,tt0266987,1535
4902,tt0256009,1433
4903,tt0247425,1999
4904,tt0139951,58098
4905,tt070169,78076
4906,tt072747,87774
4907,tt068168,23847
4908,tt054177,50785
4909,tt082558,12472
4910,tt073233,42258
4911,tt076221,11834
4912,tt062994,16085
4913,tt053717,27405
4914,tt053472,269
4915,tt083630,16441
4916,tt074899,11422
4917,tt076342,31037
4918,tt052415,40739
4919,tt090095,10656
4920,tt035140,32847
4921,tt024264,39938
4922,tt042539,38766
4923,tt035957,43510
4924,tt062673,35284
4925,tt077321,14584
4926,tt0209037,58886
4927,tt076299,72277
4928,tt075824,5781
4929,tt084809,23805
4930,tt060437,34388
4931,tt080646,39867
4932,tt080661,11033
4933,tt080671,69716
4934,tt080707,37835
4935,tt080715,33356
4936,tt080716,3537
4937,tt080724,38922
4938,tt080728,27145
4939,tt080736,8738
4940,tt080738,28614
4941,tt080745,3604
4942,tt052564,6974
4943,tt074157,26398
4944,tt075989,42218
4945,tt074483,10649
4946,tt082350,42566
4947,tt076070,17689
4948,tt051755,34084
4949,tt089348,15983
4950,tt085862,14854
4951,tt0100054,10847
4952,tt089622,33525
4953,tt076535,27591
4954,tt054135,299
4955,tt093966,31945
4956,tt081568,42160
4957,tt086383,10650
4958,tt0159273,8007
4959,tt0242252,19076
4960,tt0160403,81442
4961,tt0282856,50562
4962,tt0193560,13503
4963,tt0240772,161
4964,tt0233841,43774
4965,tt0270259,31064
4966,tt050539,31682
4967,tt0283509,8342
4968,tt0261066,55479
4969,tt037515,4886
4970,tt020697,228
4971,tt087747,23111
4972,tt066195,42597
4973,tt0211915,194
4974,tt0277371,11397
4975,tt0259711,1903
4976,tt0280778,11889
4977,tt0283431,28171
4978,tt0259393,9523
4979,tt0265666,9428
4980,tt0101452,1649
4981,tt090852,11938
4982,tt052320,43143
4983,tt089283,35201
4984,tt060714,42724
4985,tt088103,24264
4986,tt084684,27150
4987,tt086346,26978
4988,tt094318,19209
4989,tt0278488,8386
4990,tt0268397,12589
4991,tt0279889,12312
4992,tt035423,11232
4993,tt0120737,120
4994,tt0268995,11086
4995,tt0268978,453
4996,tt0228687,18939
4997,tt0217331,12724
4998,tt051525,11414
4999,tt027532,31507
5000,tt064652,42612